shortcode,url,type,timestamp,age_days,caption_length,likes_count,likes_hidden,comments_count,views_count,video_duration_s,engagement_rate_pct,format_type,content_topic_cluster,has_clear_cta,cta_type,caption
DXmIUHxDM_-,https://www.instagram.com/p/DXmIUHxDM_-/,image,2026-04-26T13:00:33.000Z,1.2,145,171,false,8,,,0.613,personal_family,lifestyle_personal,false,,Happy Birthday to you 🤩  I Don’t Love you …  With my heart or mind   The Heart can stop and the Mind can forget   I love you with my Soul 😍🤪🥳
DW8TVOPjtQT,https://www.instagram.com/p/DW8TVOPjtQT/,image,2026-04-10T07:12:40.000Z,17.5,192,359,false,20,,,1.298,personal_family,training_strength,false,,"The reason I exist, the strength behind everything I am.   Make sure you love and take care of your mother no matter what the purest form of love you will ever see in life😍🤗 -  Love you Mama"
DWv8n9YlKjM,https://www.instagram.com/p/DWv8n9YlKjM/,carousel,2026-04-05T11:59:25.000Z,22.3,73,222,false,12,,,0.801,skit,lifestyle_personal,false,,Recently Hired a Very Skilled Photographer ! 😜👌  Rate the Skillz 😂🤣😂
DWeTVYvDJtI,https://www.instagram.com/p/DWeTVYvDJtI/,carousel,2026-03-29T15:31:32.000Z,29.1,176,311,false,40,,,1.202,event_recap,hyrox_hybrid,false,,You don’t have to be a runner to do HYROX. You have to be tough. You have to be fit. You have to be able to suffer and keep moving. Teamwork. Effort. No excuses. We smashed it.
DWW5kjEFxiS,https://www.instagram.com/p/DWW5kjEFxiS/,carousel,2026-03-26T18:31:43.000Z,32,213,434,false,42,,,1.63,event_recap,hyrox_hybrid,false,,Showing you some action from our second @hyroxuk at London Olympia!  Enjoy watching us take 5 mins off our time from our first HYROX in London Excel   🇬🇭 x 🇮🇳 = 📈  #hyrox #hybrid #lifetsyle #fitness #hardwork
DWUNbh3jTl7AG5TgcZF3Cbt07Z5EU49pRI0hYg0,https://www.instagram.com/p/DWUNbh3jTl7AG5TgcZF3Cbt07Z5EU49pRI0hYg0/,carousel,2026-03-25T17:27:32.000Z,33.1,65,241,false,24,,,0.907,unclassified,lifestyle_personal,false,,Proud of you both today!! Smashed it and so amazing to watch 🤩🫡
DWULmqYDGyx,https://www.instagram.com/p/DWULmqYDGyx/,carousel,2026-03-25T17:11:34.000Z,33.1,1077,321,false,76,,,1.359,skit,hyrox_hybrid,false,,1:09:35. LONDON - OLYMPIA   Lungs burning. Legs gone. Still moving. Representing INDIA 🇮🇳 GHANA 🇬🇭 — two lions in London who refused to slow down. Last year we gave everything and crossed at 1:14. This year we came back and took 5 minutes off that. But I need to tell you something about the night before. I didn’t sleep much. I dreamed the race. Every station. Every run. Every moment I had mastered it — performed it to its finest. So when it got real — when the Burpees got us out of breath and the LUNGS were TESTED and our QUADS were giving up — I’d already been there. I’d already come through it. That’s not magic. That’s work before the work. Most people only prepare the body. The ones who win — they’ve already finished the race in their mind a hundred times before race day. You want to know what separates people? Not talent. Not time. Not money. It’s whether you decide — truly decide — what kind of machine you want to be. Fiat or Ferrari. We know what we are. 🦁🔥 #Hyrox #London #RaisingLions #NeverGiveUp Visualize TrainToPerform LondonFitness IndiaInLonon
DWMHxiACKO_,https://www.instagram.com/p/DWMHxiACKO_/,image,2026-03-22T14:15:01.000Z,36.2,666,94,false,6,,,0.342,training_demo,hyrox_hybrid,false,,The moment it becomes a chore  you’ve lost them. I don’t force my son into anything. I make it something he wants to run towards. We race. We laugh. We mess around. And somewhere in all that fun  he’s building discipline without even realising it. That’s the secret. You don’t drill greatness into your kids. You make it so enjoyable they choose it themselves. Rain or shine we show up. But we always show up with a smile. The lessons that stick aren’t the ones forced on them. They’re the ones they enjoyed living. Shape them just enough. Keep it fun. Keep it real. That’s how I’m raising my lion. 🦁 #RaisingLions #FatherAndSon #LegacyOverEverything #leadbyexample
DV6rDCejL4H,https://www.instagram.com/p/DV6rDCejL4H/,carousel,2026-03-15T19:26:05.000Z,43,927,243,false,15,,,0.883,personal_family,lifestyle_personal,false,,"Happy Mother’s Day   Behind every picture is a thousand feelings. Adonis crying. Us laughing. A whole world in a few frames. Watching my son love his mum the way he does — it does something to you. It mirrors something I’ve felt my whole life but never fully understood until now. My love for my own mother has grown every single year. The older I get, the more I realise  we are literally a part of them. We came from them. And somewhere in the rush of life, we forget how sacred that is. There is no love like a mother’s love. Nothing even close. And to my wife  thank you for being more than comfort. Thank you for pushing me. For making me uncomfortable. For refusing to let me stay small. You don’t just hold this family together  you make us all better. Happy Mother’s Day to every woman who gives everything, asks for nothing, and loves without limit. 🤍 #MothersDay #Family #RaisingLions #Gratitude #HerLoveIsEverything"
DVtz6SijiHB,https://www.instagram.com/p/DVtz6SijiHB/,reel,2026-03-10T19:34:14.000Z,48,72,50,false,1,275,6.245,0.175,unclassified,lifestyle_personal,false,,You owe it to no one ! It up to you to be the best Version of You 😎👌💯
DVRc-9tjD8w,https://www.instagram.com/p/DVRc-9tjD8w/,reel,2026-02-27T19:15:28.000Z,59,28,73,false,3,473,17.2,0.26,skit,lifestyle_personal,false,,He wants to Kill me 🤣😂🤣😂
DVNxhZcjPBJ,https://www.instagram.com/p/DVNxhZcjPBJ/,reel,2026-02-26T09:00:22.000Z,60.4,589,166,false,22,2074,58.333,0.644,skit,training_strength,false,,"Time is the one thing no father gets back.  So when I’m with my son, I’m present. We train. We laugh. We fail. We try again.  This isn’t about muscles. It’s about shaping a man who is fearless, grounded, and kind.  I mould him through action. Not words.  Confidence is built through reps. Courage is built through challenge. Character is built by example.  I didn’t have the blueprint growing up. So I became it.  This is legacy work. This is how strong men are raised.  If you’re a father watching this. Remember this. Your child is always training. The question is—what are you teaching?"
DVMjjAZDF_V,https://www.instagram.com/p/DVMjjAZDF_V/,reel,2026-02-25T21:35:37.000Z,60.9,689,66,false,5,1851,15.3,0.243,mindset_motivation,training_strength,false,,"You wouldn’t buy a supercar and keep it in first gear forever. But that’s exactly how most people treat their bodies.  They move. They “work out.” They stay comfortable.  And then wonder why they feel flat, slow, and tired.  If you never rev the engine, what’s the point of having one?  Sprinting isn’t about calories. It’s a reminder to your body of what it was built for.  Power. Speed. Explosiveness. Life.  Walking keeps you alive. Jogging keeps you busy. But intensity wakes you up.  Your body is the vehicle. Muscle is the engine. The nervous system is the ignition.  If you’re always cruising, don’t be surprised when nothing changes.  Stop idling. Drive the machine you were given."
DVLHA2WjF6x,https://www.instagram.com/p/DVLHA2WjF6x/,reel,2026-02-25T08:08:44.000Z,61.5,497,44,false,0,489,13.883,0.151,mindset_motivation,training_strength,false,,That moment is pure gold. Failure → reassurance → courage → execution. That’s leadership. That’s parenting.  He failed the jump. I didn’t correct him. I didn’t shout. I didn’t rush him.  I reminded him he was safe. I reminded him he was capable. I reminded him to trust himself.  Then he jumped.  Confidence isn’t motivation. It’s a skill built under pressure. It’s learned when fear shows up and you move anyway.  This is how strong kids are raised. Not protected from failure. Guided through it.
DVLGxEjjGI-,https://www.instagram.com/p/DVLGxEjjGI-/,reel,2026-02-25T08:06:16.000Z,61.5,354,35,false,2,351,31.366,0.127,mindset_motivation,training_strength,false,,"This audio carries warrior energy inspired by Rana Kumbha a symbol of fearless strength and royal pride. “Pralayam” means destruction not chaos, but the kind that destroys weakness and builds power.  Every rep is a reminder: We break limits. We rebuild stronger. We rise like warriors.  #Pralayam #RanaKumbha #WarriorMindset #KettlebellTraining #Strength"
DVIhQzMApAK,https://www.instagram.com/p/DVIhQzMApAK/,reel,2026-02-24T07:59:11.000Z,62.5,111,100,false,1,2214,13.333,0.346,skit,hyrox_hybrid,false,,When your HYROX partner don’t believe in recovery 🙃🙃🙃🙃🙃 zone 5 it is 😂😂😂😂  #hyrox #zone #fun #training
DVG9Mx-jAzz,https://www.instagram.com/p/DVG9Mx-jAzz/,reel,2026-02-23T17:32:52.000Z,63.1,324,32,false,6,425,63.3,0.13,training_demo,training_strength,false,,God doesn’t build weak men. He breaks you first.  Pain strips ego. Suffering forges discipline. Tests reveal who you really are.  Only then does strength appear.  I don’t explain this to my son. I demonstrate it. We climb. We struggle. We earn it.  This is how real strength is passed on. Not through words. Through example.
DVEkJdnDAUY,https://www.instagram.com/p/DVEkJdnDAUY/,reel,2026-02-22T19:08:22.000Z,64,435,40,false,0,499,4.533,0.137,unclassified,mobility_recovery,false,,"Sprinting is full-body training. Hips drive power. Core stabilises every step. Glutes, hamstrings, quads produce force. Calves and feet store and release energy. Arms and upper back control rhythm and balance.  It trains speed, coordination, posture, and confidence. It builds strong joints, resilient tendons, and a powerful nervous system.  This is how humans were designed to move. Start young. Move fast. Build capability for life."
DVBVI4mjF4Y,https://www.instagram.com/p/DVBVI4mjF4Y/,reel,2026-02-21T12:58:24.000Z,65.3,86,75,false,3,1371,31.733,0.267,unclassified,lifestyle_personal,false,,Confident and Strong is how to Turn that Boy into a Man 😎🏆💯   Only @legiongrappling
DUxsThkjFoF,https://www.instagram.com/p/DUxsThkjFoF/,carousel,2026-02-15T11:12:30.000Z,71.3,446,262,false,5,,,0.914,transformation,client_story,false,,"Valentine’s Day😍, even after 10 years of marriage   Still enjoying the simple things in life. There’s no better way.  We fight. We learn the lessons. We evolve.  We understand each other more with time. We communicate. We grow, step by step.  Along the way, a 7-year-old constantly teaching us patience, presence, and perspective.  Just the journey of improving yourself during this short stay on earth. Grateful for it all. Happy Valentine’s ❤️"
DUjFhZtDAtU,https://www.instagram.com/p/DUjFhZtDAtU/,carousel,2026-02-09T19:04:15.000Z,77,1380,98,false,3,,,0.346,training_demo,hyrox_hybrid,false,,"Five months ago, I made a decision. I wasn’t looking for a new workout. I was looking for the hardest discipline I could commit to.  I studied almost every sport. Strength sports. Endurance sports. Combat sports.  One kept standing above the rest.  Wrestling.  One of the oldest forms of human training. Honoured by the ancient Greeks as the ultimate test of the body and mind. Practiced in India for thousands of years through Kushti and Pehlwani. Long before gyms existed. Long before machines. When strength had to be earned.  Wrestling demands everything. Your strength. Your lungs. Your mobility. Your balance. Your awareness. Your humility.  There is nowhere to hide. No equipment to blame. No shortcuts.  That’s exactly why I chose it.  And I chose to walk this path with my son.  Because wrestling doesn’t just build muscle. It builds humans.  It teaches you how to move your body through space. How to stay calm under pressure. How to fall, recover, and rise again. How to respect your opponent. How to control power, not abuse it.  For me, this is training. For him, this is a foundation for life.  This photo isn’t about being the best in the gym. It’s about choosing discomfort on purpose. It’s about passing down discipline, awareness, and strength.  Movement is medicine. Hard things build strong men. And strong men build strong families.  This is legacy in motion."
DUjEQntDAWv,https://www.instagram.com/p/DUjEQntDAWv/,reel,2026-02-09T18:53:28.000Z,77,834,36,false,2,317,28.303,0.13,training_demo,training_strength,false,,"Training and nutrition should feel effortless to execute. Simple to follow. Low on decisions. High on consistency.  When complexity drops, compliance goes up. That’s how results actually happen.  That’s where I come in.  This is for you if: You know the basic movements. You’ve trained before. You’re tired of guessing. You want structure, direction, and a clear plan you can execute without thinking.  This is not for you if: You have no training experience. You don’t know basic form or technique. You’re looking for shortcuts without investing in fundamentals.  If you’re a complete beginner, you need a personal trainer near you first. Learn how to move properly. Build the foundation. You cannot skip this step.  Health is not an expense. It’s an investment. And your future self will pay you back—with interest.  — FitWithMukund"
DUjDpjgjMYm,https://www.instagram.com/p/DUjDpjgjMYm/,carousel,2026-02-09T18:47:53.000Z,77,408,14,false,2,,,0.055,talking_head,nutrition,true,save_share,How you treat the mind is how life treats you back.  Every outcome starts upstream. In your thoughts. In your standards. In what you allow to repeat daily.  The Stoics understood this. Great leaders lived by it.  Discipline of the mind creates discipline in life. Clarity creates power. Order creates freedom.  Train the mind first. Everything else follows.  Save this. Come back to it when life feels noisy.
DUTsoVxDKc2,https://www.instagram.com/p/DUTsoVxDKc2/,reel,2026-02-03T19:38:23.000Z,83,1180,16,false,0,233,22.708,0.055,talking_head,training_strength,false,,"Water can heal you. And water can hurt you. That’s what nobody tells you.  Your body is over 60% water. Your brain, blood, muscles, joints, and organs rely on it to function. But more is not always better.  Drink too little and performance drops fast. Focus declines. Strength fades. Recovery slows. Fat loss becomes harder.  Drink too much and you create a new problem. You dilute sodium and electrolytes. You feel bloated, foggy, weak. Your nervous system loses balance.  So how much water do you actually need?  Forget “8 glasses a day.” That rule ignores body size, movement, and sweat.  The real framework is simple.  Start with 30–35 ml per kg of bodyweight per day. Train hard? Add more. Sweat a lot? Add electrolytes, not just water.  Your urine doesn’t need to be crystal clear all day. That’s a sign you may be overdoing it.  The real markers are better energy. Clear thinking. Good digestion. Stable training performance.  Water is the foundation. But hydration is water plus minerals.  Master this and everything improves. Get it wrong and you’ll feel “off” no matter how hard you train.  This is why I say: Before supplements. Before fancy diets. Get hydration right."
DUTr1MTDK19,https://www.instagram.com/p/DUTr1MTDK19/,image,2026-02-03T19:35:45.000Z,83,988,24,false,0,,,0.082,talking_head,training_strength,false,,"Most people don’t drink enough water. Some drink far too much.  Both hurt performance.  Too little water and your brain slows down. Your energy drops. Recovery suffers. Hunger signals get confused.  Too much water and you dilute electrolytes. You feel bloated, weak, foggy. Your body loses its natural balance.  So how much do you actually need?  Not a random “8 glasses.” Not forcing water all day.  The right amount is enough to support your organs, blood volume, and training demands — without flushing minerals out.  Here’s the simple rule most people miss: Drink to thirst, but anchor it to bodyweight, activity, and sweat loss.  A strong baseline is 30–35 ml per kg of bodyweight per day. Add more if you train hard. Add electrolytes if you sweat.  Clear urine all day is not the goal. Stable energy, focus, digestion, and performance is.  Water is powerful. Misuse it and it works against you. Use it correctly and everything improves.  Master the basics. Hydration is one of them."
DURCNgbDGWu,https://www.instagram.com/p/DURCNgbDGWu/,reel,2026-02-02T18:49:59.000Z,84,405,34,false,1,636,32.333,0.12,unclassified,training_strength,false,,"Most people think mobility needs an hour in the gym. It doesn’t. It needs movement through the day.  Get up. Change positions. Squat. Rotate. Balance on one leg.  Your body is designed to move often, not occasionally. Stiffness is not age. It’s inactivity.  Five minutes here and there keeps joints healthy. Keeps balance sharp. Keeps injuries away.  Train less like a bodybuilder. Move more like a human."
DURAmlojGvU,https://www.instagram.com/p/DURAmlojGvU/,reel,2026-02-02T18:35:08.000Z,84,190,23,false,3,484,38.2,0.089,talking_head,training_strength,false,,"Why This Combo Works One trains unilateral control. One trains bilateral power. Together they build strength, symmetry, and resilience. This is how you train hard without breaking your body."
DUQ-nozDNqd,https://www.instagram.com/p/DUQ-nozDNqd/,reel,2026-02-02T18:19:06.000Z,84,154,173,false,10,1914,16,0.627,personal_family,lifestyle_personal,false,,I don’t train just to look good. I train to live long. To stay strong. To play. To be present. This is the real return on fitness. Legacy over aesthetics.
DUJNMnJjGUZ,https://www.instagram.com/p/DUJNMnJjGUZ/,reel,2026-01-30T17:53:02.000Z,87,197,11,false,1,182,30.933,0.041,mindset_motivation,transformation,false,,"Master the basics first. Sleep. Nutrition. Training.  Supplements don’t replace discipline. They amplify it.  Without the basics, they do nothing. Get the foundation right before chasing shortcuts."
DUJMsscDEbV,https://www.instagram.com/p/DUJMsscDEbV/,image,2026-01-30T17:47:40.000Z,87.1,269,17,false,2,,,0.065,skit,transformation,false,,"Sleep is the multiplier. Nutrition is the fuel. Recovery is the advantage.  Train hard if you want. But without these three, progress stalls.  Bodies aren’t built in the gym. They’re rebuilt when you sleep, eat, and recover properly.  This is where results are decided."
DUJKcjCjAk7,https://www.instagram.com/p/DUJKcjCjAk7/,reel,2026-01-30T17:29:03.000Z,87.1,525,55,false,4,500,42.533,0.202,unclassified,hyrox_hybrid,false,,"Boxing isn’t about hitting hard. It’s about moving well under fatigue.  Every round trains your heart, lungs, and nervous system. That’s real conditioning.  Footwork matters more than power. Strong legs create strong punches and joint longevity.  Breathing controls performance. Lose your breath and you lose your composure.  Boxing sharpens focus under stress. That skill transfers directly to life and work.  You don’t finish a boxing session relaxed. You finish clear, calm, and confident.  Train skills. Not just muscles."
DUEIqPdjHrL,https://www.instagram.com/p/DUEIqPdjHrL/,reel,2026-01-28T18:35:36.000Z,89,455,9,false,0,130,40.766,0.031,skit,nutrition,false,,"Nutrition isn’t complicated. It’s been made confusing on purpose.  Ultra-processed food keeps you addicted. Confusion keeps you dependent. Sick people are profitable.  Real food doesn’t need marketing. Protein, whole foods, fibre, water. Repeat that daily and most problems disappear.  The industry wins when you stay tired, inflamed, and chasing quick fixes. You win when you keep it simple and consistent.  Health is simple. Discipline is the hard part."
DUEH7-CjCDt,https://www.instagram.com/p/DUEH7-CjCDt/,reel,2026-01-28T18:29:22.000Z,89,829,29,false,4,493,21.933,0.113,mindset_motivation,training_strength,false,,"Box jumps are not about looking athletic. They are about staying powerful.  Jumping trains explosive strength. It keeps fast-twitch muscle fibres alive. It improves coordination, balance, and bone density. It sharpens the nervous system. It teaches your body to produce force quickly.  As we age, power is the first quality we lose. Not strength. Power.  When power drops, falls increase. Reaction time slows. Confidence in movement disappears. Independence starts to fade.  Most adults stop jumping in their 30s. By their 50s, they wonder why they feel fragile.  You don’t need heavy weights to stay young. You need intent. You need speed. You need to remind your body what it was built to do.  Jump within your ability. Progress intelligently. Protect your future body today.  Train power now. So life doesn’t feel heavy later."
DUEGwiMjCoI,https://www.instagram.com/p/DUEGwiMjCoI/,reel,2026-01-28T18:18:48.000Z,89,0,6,false,0,81,4.016,0.021,unclassified,lifestyle_personal,false,,
DT74V60DPxm,https://www.instagram.com/p/DT74V60DPxm/,reel,2026-01-25T13:39:40.000Z,92.2,344,9,false,0,119,46.666,0.031,mindset_motivation,nutrition,false,,"Recovery isn’t fancy. It’s fundamentals done daily.  Sleep properly. Eat real food. Hydrate. Breathe. Move well.  Most people chase gadgets. They ignore basics. Then wonder why they’re tired, injured, and stuck.  You don’t need more hacks. You need more discipline.  Do the basics right. Your body already knows how to recover.  @fitwithmukund™"
DT74B6XjGKp,https://www.instagram.com/p/DT74B6XjGKp/,carousel,2026-01-25T13:35:58.000Z,92.2,453,30,false,1,,,0.106,transformation,transformation,false,,Most people want results. Very few want responsibility.  Temperance is not weakness. It’s control. It’s restraint when ego wants chaos.  You can plan all you want. But life will test you. Only the disciplined adapt.  “One day” keeps people comfortable. “Day one” forces action.  The body you want. The life you want. The man you want to become.  It all starts the same way. With a decision.  No motivation. No waiting. Just execution.  — @fitwithmukund™
DTx5Zj8jCCU,https://www.instagram.com/p/DTx5Zj8jCCU/,reel,2026-01-21T16:37:54.000Z,96.1,1267,226,false,8,3448,39.633,0.801,skit,hyrox_hybrid,false,,"Box Jump Challenge 😂🤣😂🤣😂🤣   Who is Up next ! Stealth Mode ! 🥷   Comment Below who do you think did it better 🤣😂🤣😂  🏆💯😎Benefits of Box Jumps  Explosive power Builds fast-twitch muscle fibers. Improves force production through the hips, knees, and ankles.  Athletic performance Transfers directly to sprinting, jumping, and change of direction. Essential for speed-based sports and hybrid athletes.  Lower-body strength Strengthens glutes, quads, hamstrings, and calves. Teaches powerful hip extension without heavy loading.  Coordination and body control Improves timing, balance, and landing mechanics. Trains the nervous system to move efficiently under speed.  Joint resilience (when done correctly) Teaches proper shock absorption and deceleration. Builds tendon stiffness and elastic strength.  High intensity, low volume efficiency Delivers results fast with fewer reps. Perfect for busy professionals and athletes.  Fat loss and conditioning Elevates heart rate quickly. High return in short sessions.  Mental sharpness Requires focus and intent. Trains commitment—hesitation kills performance.  Key rule Jump up, step down. Quality reps only. Power before fatigue.  Explosiveness isn’t optional. It’s the difference between moving and performing."
DTx4gazDHNw,https://www.instagram.com/p/DTx4gazDHNw/,reel,2026-01-21T16:28:22.000Z,96.1,571,81,false,6,506,54.333,0.298,personal_family,training_strength,false,,If I told you I dreamt of having the perfect gym partner… And that dream became reality… Would you believe me?  This isn’t about reps or weights. This is about legacy.  I’m not teaching him with words. I’m teaching him with action.  Showing him discipline. Showing him consistency. Showing him what strength really looks like.  Every session is a lesson. Every rep is a standard.  We’re building more than muscle. We’re building character.  One day he won’t remember what I said. He’ll remember what I did.  That’s how leaders are made. That’s how sons become strong men.
DTx26wJDB8C,https://www.instagram.com/p/DTx26wJDB8C/,reel,2026-01-21T16:14:31.000Z,96.1,598,19,false,2,210,30.2,0.072,transformation,transformation,false,,"You can train hard. Eat clean. Show up daily.  But if stress is high Fat loss stalls. Recovery crashes. Hormones drift. Motivation disappears.  Most people try to push harder. That’s the mistake.  The solution isn’t more intensity. It’s regulation.  Control sleep. Control breathing. Control training volume. Control nutrition consistency.  When stress comes down, Your body finally responds.  Progress isn’t built by force. It’s built by systems.  If your results have stalled, It’s not discipline you’re missing. It’s stress management.  Raise your standards. Lower the noise. Execute the basics."
DToOf8AjJVr,https://www.instagram.com/p/DToOf8AjJVr/,reel,2026-01-17T22:28:32.000Z,99.9,48,21,false,1,218,26.844,0.075,unclassified,training_strength,false,,The Single Most Powerful Performance Enhancer 🏆
DThhKE_DGZQ,https://www.instagram.com/p/DThhKE_DGZQ/,image,2026-01-15T07:55:51.000Z,102.5,700,11,false,0,,,0.038,mindset_motivation,training_strength,false,,Weak identity creates negotiation. You negotiate with your alarm. You negotiate with your diet. You negotiate with your training. You negotiate with your standards.  “I’ll start tomorrow.” “I’ll do it later.” “I deserve a break.”  That’s not a time problem. That’s an identity problem.  Strong identity creates execution. You don’t debate. You don’t bargain. You don’t wait to feel ready.  You act because this is who you are.  Strong men don’t rely on motivation. They rely on standards. They rely on systems. They rely on discipline.  Every action you take today is a vote for the identity you’re becoming.  So ask yourself— Are you negotiating with your future… Or executing on it?  Choose wisely.
DTf6wEqjGlw,https://www.instagram.com/p/DTf6wEqjGlw/,reel,2026-01-14T18:12:02.000Z,103,573,10,false,1,160,35.175,0.038,mindset_motivation,training_strength,false,,"Getting older doesn’t make you weak. Staying comfortable does.  You don’t lose strength because of age. You lose it because you stop demanding it.  Muscle is earned. Mobility is trained. Energy is protected. Longevity is built.  Most men blame time. The truth is they abandoned discipline.  Train with intent. Move your joints daily. Eat like performance matters. Recover like it’s part of the program.  Age is not the problem. Standards are.  If you want to be strong at 40, 50, 60+. You must train like strength is non-negotiable.  This is human performance. Not excuses."
DTNuP1aDEh2,https://www.instagram.com/p/DTNuP1aDEh2/,reel,2026-01-07T15:28:09.000Z,110.1,1184,14,false,4,172,36.533,0.062,transformation,hyrox_hybrid,false,,"Your body follows orders. Your life follows standards. Both are controlled by the mind.  I’ve seen strong bodies trapped in weak thinking. And I’ve seen average bodies do extraordinary things because the mind was disciplined.  Most people think their problem is motivation. It’s not. It’s conditioning.  From a young age, the mind is programmed. Comfort over growth. Excuses over ownership. Distraction over focus.  So when life gets hard, they quit. When results take time, they doubt. When discipline is required, they negotiate.  The mind is the most powerful tool you own. But only if you train it.  A weak mind looks for shortcuts. A strong mind builds systems.  A weak mind waits to feel ready. A strong mind acts despite fear.  A weak mind reacts to circumstances. A strong mind dictates standards.  Every transformation I’ve witnessed started the same way. A decision. Not a feeling.  The moment you stop arguing with yourself. The moment you keep promises to yourself. The moment your words and actions finally align.  Train the body, yes. But forge the mind.  Because once the mind is locked in, the body has no choice but to follow.  This isn’t motivation. This is mastery."
DTBaCeGjLfl,https://www.instagram.com/p/DTBaCeGjLfl/,carousel,2026-01-02T20:37:57.000Z,114.9,1667,726,false,24,,,2.568,skit,training_strength,false,,"Ten years ago, I met you, and something just felt right. I didn’t have the words for it then, but I knew. Not because life was easy with you — but because it felt real.  Thank God for every blessing. For the path we were put on. For you. And for bringing the most amazing little human into this world. That moment alone changed me forever.  We’ve lived so many lives inside these ten years. Different places. Different phases. Different versions of ourselves.  There were beautiful days — full of laughter, late nights, random trips, silly jokes, and moments that didn’t need a reason. The kind of happiness you don’t plan. You just live.  And then there were the hard days. The pressure. The arguments. The silence. The growth that hurt before it made sense.  But those moments shaped us. They shaped me.  Nothing was ever handed to me. I had to earn everything. Across different countries, cultures, and people. Every experience moulded me into the man I am today.  And then we became parents. That was a rebirth. Suddenly, life wasn’t just about surviving or chasing goals — it was about responsibility, example, and legacy. Becoming the kind of man a little human could look up to.  We’ve pushed each other. Challenged each other. Lifted each other when it mattered most.  So thank you, my love. For the laughter and the fights. For the chaos and the calm. For standing with me when it was hard and celebrating with me when it was good.  Without all of it, I wouldn’t be who I am today — strong, focused, grounded, and ready.  If I had to start all over again, nothing would scare me. Because I know what we’re made of.  Always grateful. Always moving forward. ❤️"
DTBDdUODBHy,https://www.instagram.com/p/DTBDdUODBHy/,reel,2026-01-02T17:25:29.000Z,115.1,870,32,false,4,337,111.033,0.123,talking_head,training_strength,false,,Everyone posts motivation on January 1st. New quotes. New goals. New promises.  But nothing actually resets.  The calendar changed. Your habits didn’t. Your standards didn’t. Your body didn’t.  I know this because I lived it. I waited for Monday. I waited for the “right time.” I kept telling myself I’d lock in soon.  Years moved fast.  What changed everything wasn’t motivation. It was pressure. Structure. Daily non-negotiables.  The body never lies.  Low energy means low discipline. Weak body means weak standards. Declining health always shows up everywhere else.  This year isn’t about hype. It’s about identity.  Build a body that can handle stress. Build habits that don’t depend on mood. Build standards that don’t negotiate with comfort.  2026 won’t slow down for you. It will expose what you didn’t fix.  Build now. Or stay the same — just older.  Your move.
DS-gRgjDMMY,https://www.instagram.com/p/DS-gRgjDMMY/,carousel,2026-01-01T17:34:43.000Z,116.1,921,28,false,3,,,0.106,skit,training_strength,false,,"For a long time, I believed New Year’s felt powerful because something had changed.  A new date. A fresh start. A clean slate.  But nothing actually resets.  The Earth doesn’t pause. Your body doesn’t forget. Your habits don’t disappear at midnight.  I’ve made the same mistakes many times. Got excited in January. Went all in. Then slowly slipped back into old patterns.  Not because I didn’t care. Not because I wasn’t capable. But because I relied on motivation instead of structure.  Over time, experience taught me this:  You don’t break loops with intention. You break them with systems.  The loop only changes when daily standards change. When you stop negotiating with yourself. When you build habits that work on bad days, not perfect ones.  That’s how I finally broke the cycle. Not by waiting for the year to change… but by changing what I did when no one was watching.  That’s the lesson I’m carrying forward."
DS5FmpZDOgi,https://www.instagram.com/p/DS5FmpZDOgi/,reel,2025-12-30T15:06:17.000Z,118.2,406,28,false,1,430,77.033,0.099,unclassified,training_strength,false,,"Most people train to look good. I train to slow ageing.  Tendon and ligament strength first. Because weak tissue breaks fast.  VO₂ max next. Because oxygen delivery controls your lifespan.  Then sleep and recovery. Because without them, inflammation stays high. Hormones crash. Joints ache. Progress dies.  Ignore this order and your training accelerates ageing. Respect it and you build a body that lasts."
DSsfuQIDP-U,https://www.instagram.com/p/DSsfuQIDP-U/,carousel,2025-12-25T17:43:34.000Z,123.1,430,199,false,6,,,0.702,personal_family,lifestyle_personal,false,,"Grateful for moments like this, falling into the snow, laughing together, making snow angels and just being present. In a world that moves fast and asks for more, days like this remind me how little we actually need. Health, family, togetherness, and the ability to enjoy the simple things. Who do you think did it best with the snow angels? Wishing everyone a Merry Christmas and feeling truly thankful for all that we have. 🎄❄️"
DSi4cF-DDoS,https://www.instagram.com/p/DSi4cF-DDoS/,reel,2025-12-22T00:08:28.000Z,126.8,792,38,false,4,481,77.866,0.144,talking_head,training_strength,false,,"VO₂ Max = The Size of Your Engine. Not motivation. Not willpower. Your engine.  VO₂ max is your body’s ability to take in oxygen, deliver it, and use it under stress. Bigger VO₂ max = more power, more stamina, faster recovery, sharper focus.  This is how you build it 👇  The Morgan / Norwegian 4×4 Protocol  • 4 minutes hard • 90–95% max heart rate • Breathing heavy but controlled  • 4 minutes easy recovery • Fully moving, not stopping  Repeat 4 rounds. Total work time: 16 minutes. Total session: ~30–35 minutes.  Do it 2x per week.  The result? A stronger heart. More efficient lungs. Higher work capacity. Better performance in training and life.  Most people train muscles. Elite performers train their engine.  If your engine is weak, everything else caps out. Build the engine first."
DSYAWKYDB9i,https://www.instagram.com/p/DSYAWKYDB9i/,reel,2025-12-17T18:55:46.000Z,131,754,33,false,4,338,73.166,0.127,mindset_motivation,training_strength,false,,"Most people think a fall is just a slip. But for older adults, it’s often the start of a deadly cascade.  📊 Stats you need to know: • Over 1 in 4 adults aged 65+ falls every year — that’s millions of seniors losing balance annually. ￼ • Falls are the leading cause of injury and injury-related death in this age group. ￼ • In 2021, about 38,000 older adults died from unintentional falls in the U.S. alone. ￼ • Hip fractures — caused by falls in ~95% of cases — carry a 1-year mortality of ~25% and massive loss of independence. ￼ • Each fall doubles the risk of falling again. ￼  Balance is not optional. Balance is survival.  Every stumble is a warning signal. Get stronger. Get steadier. Get ahead of decline — before it hits you or someone you love."
DSX_qO1jOlJ,https://www.instagram.com/p/DSX_qO1jOlJ/,image,2025-12-17T18:39:38.000Z,131,134,22,false,1,,,0.079,mindset_motivation,mobility_recovery,false,,You don’t “find time” for your body. You either make time now or you’re forced to later. Pain doesn’t ask permission. Discipline does.
DSVc2E0DLSs,https://www.instagram.com/p/DSVc2E0DLSs/,reel,2025-12-16T18:59:13.000Z,132,384,101,false,5,856,72.333,0.363,mindset_motivation,training_strength,false,,"Stop training backwards.  Most people chase fat loss first. Cardio first. Abs First  Lift heavy first .  That’s why they stay stuck.  Build muscle first. Fix movement first. Get strong first.  Fat loss is a by-product of strength. Longevity is built through structure, not shortcuts. Intensity without a base breaks you.  Train with a system. Earn the result. Stop training backwards."
DSK9e8SDJUw,https://www.instagram.com/p/DSK9e8SDJUw/,reel,2025-12-12T17:09:57.000Z,136.1,473,167,false,11,1344,41.4,0.609,unclassified,training_strength,false,,"The last Move shocked me and will shock You too 😅🤯🫡   Proud doesn’t even begin to describe it.  Just a kid enjoying movement. Not forced. Not rushed. Just encouraged.  Boxing and shadow boxing for coordination. Parallettes L-sit for core strength. Overhead presses for confidence and control.  This isn’t about raising a gym kid. It’s about raising a strong, capable human.  Start early. Keep it playful. Build habits that last.  Strong body. Strong mind. Strong future."
DSIneaTjOb3,https://www.instagram.com/p/DSIneaTjOb3/,reel,2025-12-11T19:22:59.000Z,137,1599,86,false,15,506,95.766,0.346,event_recap,hyrox_hybrid,true,apply,Two brothers. One challenge. One lesson for you: You are capable of far more than you think.  We stepped into HYROX London with no special prep. Just discipline. Heart rates at 180 BPM. Full commitment. And we finished it.  Not because we’re superhuman — but because we decided to test our limits instead of staying comfortable.  And that’s the message for YOU today:  Challenge yourself. Push your thresholds. Stop living at 50% of your potential. Your body and mind will always rise to the standards you set.  HYROX didn’t just test our fitness. It sharpened our mindset. It reminded us that growth lives in discomfort. And the quickest way to rise is to surround yourself with people who push you to be stronger.  Our HYROX Stats: • Overall Time — 1:14:01 • Rank (M/W) — 1260 • Rank (AG) — 344  Breakdown: Running 1 — 3:35 1000m SkiErg — 4:35 Running 2 — 3:53 50m Sled Push — 1:43 Running 3 — 4:06 50m Sled Pull — 3:07 Running 4 — 4:11 80m Burpee Broad Jumps — 3:01 Running 5 — 4:44 1000m Row — 4:31 Running 6 — 4:15 200m Farmers Carry — 1:45 Running 7 — 4:30 100m Sandbag Lunges — 3:07 Running 8 — 6:05 Wall Balls — 5:09 Roxzone — 11:52 Run Total — 35:16 Best Run Lap — 3:53  If there’s one thing you take away from this:  You don’t grow by watching. You grow by stepping into discomfort. Sign up for something that scares you. Give yourself a challenge that forces evolution.  The strongest version of you is hiding behind the challenge you’ve been avoiding.  Go chase it. Become it. Live it. 💥🔥  @hyroxuk   🎥 Captured brilliantly by @razwert — thank you for bringing the highlights to life.
DSAlxIKDKms,https://www.instagram.com/p/DSAlxIKDKms/,carousel,2025-12-08T16:29:48.000Z,140.1,489,269,false,11,,,0.959,skit,hyrox_hybrid,false,,"Happy birthday to my brother Sam. We challenged ourselves to the unknown hybrid territory with hardly any proper training and absolutely smashed it.  Thankful for a brother like him who drinks no coffee but has pure energy, always positive, always in the growth mindset.  We are here to prove wrong anyone who says it’s impossible. Nothing is impossible when you set your mind to it, you can achieve it.  Big things to come. We’re going to dominate our industry 🏆  Representing  🇬🇭 🇮🇳"
DRz4bsBjING,https://www.instagram.com/p/DRz4bsBjING/,reel,2025-12-03T18:08:48.000Z,145,1041,25,false,1,213,53.1,0.089,talking_head,hyrox_hybrid,false,,"What is VO2 Max? It’s your body’s ability to use oxygen efficiently during intense exercise. Not just lung capacity — it’s your full engine. Heart. Lungs. Muscles. All working at maximum output.  Higher VO2 Max means: • Better cardiovascular health • Faster fat burn • More daily energy • Lower disease risk • Longer, healthier life  It’s one of the strongest markers of longevity.  So how do you improve it fast?  The Norwegian 4×4 Protocol. Simple. Brutal. Proven.  Here’s how it works:  1️⃣ Warm-Up – 10 minutes Easy jog or cycle.  2️⃣ 4 minutes HARD 85–95% max heart rate. Breathing heavy. You can talk, but not comfortably.  3️⃣ 3 minutes EASY Light jog or slow cycle. Recover. Control your breathing.  Repeat this 4 times. Total effort: 16 minutes hard Total session: 35–40 minutes  Why it works: • Builds a stronger heart • Increases mitochondria • Boosts endurance • Improves fat-burning • Raises your biological fitness age  This is why elite Norwegian athletes swear by it.  Start the 4×4 this week. Your heart will thank you. 🫀🔥"
DRnHBCujL74,https://www.instagram.com/p/DRnHBCujL74/,reel,2025-11-28T19:02:38.000Z,150,571,42,false,1,547,46.133,0.147,talking_head,training_strength,true,dm,"Everyone says the same thing. “I want to lose fat.” “I want to build muscle.”  But here’s the truth no one talks about.  Most people don’t actually need what they think they need. They need stronger habits. They need better sleep. They need real nutrition. They need mobility, stability, strength… the foundations that keep you healthy for decades.  A great coach gives you what you want, but also what you NEED to live your best life.  If you’re a coach or a client — What do YOU think matters more? What they want? Or what they truly need?  Comment your thoughts below."
DRh7zoRDMYA,https://www.instagram.com/p/DRh7zoRDMYA/,reel,2025-11-26T18:47:31.000Z,152,364,40,false,3,380,35.4,0.147,unclassified,training_strength,false,,"How to Stay Injury-Free 🔥  Increase your core temperature before you train. Don’t go from zero to 100 and shock your system. Prioritise recovery and rest so your body can adapt.  Most injuries come from cold muscles, poor progression, and no recovery plan. Fix these and you’ll train harder, longer, and pain-free.  Stay smart. Stay strong. Stay in the game. 💪🔥"
DRh5152DAZ7,https://www.instagram.com/p/DRh5152DAZ7/,reel,2025-11-26T18:30:07.000Z,152,436,15,false,1,134,4,0.055,unclassified,nutrition,false,,"One bold move can rewrite your entire story. Most people wait… hoping life will get easier, clearer, safer. But the ones who win are the ones who act.  Action creates clarity. Action creates opportunity. Action creates identity.  Step toward the version of you that scares you a little. That’s the version that changes your life.  Start before you’re ready. Move before it makes sense. Because once momentum kicks in, everything shifts."
DRfZcIrDN9b,https://www.instagram.com/p/DRfZcIrDN9b/,reel,2025-11-25T19:09:34.000Z,153,916,104,false,7,1349,78.466,0.38,mindset_motivation,training_strength,false,,"3 Ways to Improve Grip Strength  (The Foundation of Real Strength)  1. Farmer’s Carry Builds crushing grip. Builds forearm strength. Builds full-body stability. Teaches your body to stay strong under load. If you want “everyday strength,” start here.  2. Dead Hang Opens the shoulders. Strengthens the fingers and forearms. Improves shoulder health and posture. If you can’t hold your own bodyweight, your foundation is weak.  3. Deadlift Teaches you to grip heavy loads. Activates every muscle from hands to hips. Develops raw strength you can’t cheat. Heavy bar = stronger hands.  Bonus: Plate Pinches Simple. Brutal. Effective. Lights up the forearms and builds fingertip strength fast.  ⸻  Why grip strength matters: Stronger grip = stronger lifts. Stronger grip = healthier joints. Stronger grip = better longevity markers as you age. It’s one of the highest predictors of overall strength and long-term health."
DRfTotRjD3A,https://www.instagram.com/p/DRfTotRjD3A/,reel,2025-11-25T18:17:29.000Z,153,380,19,false,2,368,4,0.072,talking_head,training_strength,true,dm,"Start with the basics most people ignore. Build strength. Protect your muscle. Master your sleep. Prioritise whole foods. Keep inflammation low. Walk daily. Lift with intent. Recover with purpose. Manage stress before it manages you.  This is how you stay younger, stronger, sharper for decades… not years.  If you want a simple blueprint that fits a busy life, DM me “LONGEVITY.”"
DRb5G8fjKiq,https://www.instagram.com/p/DRb5G8fjKiq/,reel,2025-11-24T10:28:42.000Z,154.4,317,48,false,0,440,64.633,0.164,mindset_motivation,lifestyle_personal,false,,"4 main movements build the entire foundation of your upper-body training. Horizontal push. Horizontal pull. Vertical push. Vertical pull.  That’s it. No confusion. No gimmicks. Master these patterns and your chest, back, shoulders, and arms become unstoppable.  Strong basics → strong body. Strong body → strong life."
DRb3-BQjPsK,https://www.instagram.com/p/DRb3-BQjPsK/,reel,2025-11-24T10:19:54.000Z,154.4,421,19,false,1,137,4,0.068,mindset_motivation,lifestyle_personal,false,,"Surround yourself with people who refuse to stay the same. People who think in decades, act today, and push you to level up. Your circle is either your fuel or your fire extinguisher — choose wisely.  These are the people who inspire me, challenge me, and remind me to climb higher every day:  @sa4fitness  @kristhian_fitness  @adam_morsel  @iamsimbarz  @iurie_grama   Grateful. Focused. Climbing. Let’s keep going. 🔥🏔️"
DRaRQhyjCEC,https://www.instagram.com/p/DRaRQhyjCEC/,reel,2025-11-23T19:23:59.000Z,155,999,110,false,11,959,48.866,0.414,talking_head,hyrox_hybrid,false,,"Most people walk into the gym and start with the wrong focus. The truth is simple. Your foundation decides everything.  Start with flexibility so your joints move freely. Then build cardiovascular fitness so your heart keeps up with the work. Layer in muscular endurance so your muscles don’t fatigue after 10 minutes. Finish with grip strength—because without grip, half your training potential is wasted.  You don’t earn strength by rushing. You earn it by mastering the basics first. This is how you build a body that performs today and lasts for decades.  1.Mobility / Flexibility – opens joints, reduces injury risk, improves movement efficiency. 2.Stability / Core Control – the missing step most people skip. It protects the spine and makes every lift safer. 3.Cardiovascular Conditioning – builds work capacity and recovery ability. 4.Muscular Endurance → Strength → Hypertrophy – this is the natural progression. 5.Grip Strength – essential for pulling, carrying, and holding heavier loads."
DRSapDXDJo1,https://www.instagram.com/p/DRSapDXDJo1/,reel,2025-11-20T18:47:44.000Z,158,417,33,false,1,438,98.8,0.116,unclassified,training_strength,false,,"The magic of massage and foam rolling is underrated. Fascia release unlocks blood flow. Blood flow unlocks recovery. Recovery unlocks performance.  Most people train hard but never clear the tension holding them back. Your muscles, joints, ligaments, and tendons stay healthier when circulation is high and inflammation is low.  Free the fascia. Increase the blood flow. Watch your body operate at its true potential."
DRSZdZXDCnh,https://www.instagram.com/p/DRSZdZXDCnh/,reel,2025-11-20T17:58:04.000Z,158,376,16,false,0,143,4,0.055,mindset_motivation,training_strength,false,,"A fit body is earned. Not gifted. Not inherited. Not handed to you by luck.  It’s built through discipline when motivation fades. It’s built through reps when no one is watching. It’s built through choices that most people avoid.  Your body is the scoreboard of your habits. Your energy, strength, and confidence are the return on your investment. Stop waiting. Start earning."
DRP3xPQDNX4,https://www.instagram.com/p/DRP3xPQDNX4/,reel,2025-11-19T18:25:36.000Z,159,762,60,false,3,417,66.533,0.216,talking_head,training_strength,false,,"Most people want to live longer… but they ignore the habits that actually keep them alive.  Longevity isn’t magic. It’s not supplements. It’s not 10-step hacks.  It’s the basics  executed with discipline.  Build a strong heart with consistent cardio. Build a strong body with progressive strength training. Fight sarcopenia before it steals your muscle and mobility. Fuel yourself with real food that supports energy, hormones, and recovery.  Simple. Evidence-based. Non-negotiable.  Most people age faster because they rely on shortcuts. High performers age slower because they master the fundamentals early.  If you want to look younger, move better, feel clearer, and live longer… Do the simple things  and do them right.  Master the basics. Extend your life."
DRP2k45DKun,https://www.instagram.com/p/DRP2k45DKun/,reel,2025-11-19T18:15:20.000Z,159,135,28,false,0,287,4,0.096,unclassified,lifestyle_personal,false,,Let me tell You something 😇💯💪   Simple most effective advice I could give a person to follow 🏆  Live a long healthy quality of Life
DRNY99djDPE,https://www.instagram.com/p/DRNY99djDPE/,reel,2025-11-18T19:22:08.000Z,160,541,93,false,5,669,67.466,0.336,skit,training_strength,true,dm,What should you focus on when you start training? Lose fat first? Build muscle first? No wonder people feel confused.  Here’s the truth most coaches won’t tell you. You don’t need to choose.  The smartest path — especially for beginners and busy professionals — is building muscle while burning fat. This is how you transform your body faster. This is how you boost your metabolism. This is how you create a physique that actually lasts.  Comment down below what are your Current Goals and if you have any questions we can help answer 🤩🏆🙏
DRK3UDDjChp,https://www.instagram.com/p/DRK3UDDjChp/,reel,2025-11-17T19:45:06.000Z,161,68,21,false,0,343,4,0.072,unclassified,lifestyle_personal,false,,Simplicity is the Ultimate Sophistication 😇💯🙏 - Leonardo Da Vinci
DRK2ESIDNVz,https://www.instagram.com/p/DRK2ESIDNVz/,reel,2025-11-17T19:38:35.000Z,161,368,58,false,7,372,36.733,0.223,skit,nutrition,false,,"Did YOU KNOW ??? @sa4fitness   Some bloopers for you all. 🤣😂🤣😂🤣😂🤣 Content creation isn’t easy.  We show up. We learn. We share real, practical experience from everything we’ve lived through.  Being as honest and real as possible   If our videos bring  you value, drop a like, share it, and leave a comment so we can reach more people.  Much love, always. 😇💯💪"
DRAaA6QDOTw,https://www.instagram.com/p/DRAaA6QDOTw/,reel,2025-11-13T18:16:42.000Z,165,835,96,false,7,730,43.6,0.353,talking_head,hyrox_hybrid,false,,"Most people only train HALF their body. And that’s why they stay weak, slow, and constantly injured.  Your muscles are made of two fibres:  Slow-twitch = endurance Fast-twitch = power  Most people only train the slow ones… light weights, high reps, long walks. Useful — but incomplete.  The fibres that keep you young, strong, athletic, and explosive are your fast-twitch fibres. These are the ones that decline fastest with age. If you don’t train them, you lose speed, strength, balance, and muscle. That’s when ageing hits hard.  Heavy lifts. Sprints. Jumps. Explosive intent. Low reps with power.  This is how you stay athletic for life. This is how you build a body that doesn’t slow down. This is how you fight ageing every single day.  Train BOTH systems. Stop playing small. Build strength. Build power. Future-proof your body."
DQ7WmwgjAxa,https://www.instagram.com/p/DQ7WmwgjAxa/,image,2025-11-11T19:09:43.000Z,167,484,545,false,32,,,1.976,personal_family,training_strength,false,,"I Dreamt of this Day and it’s here my little Champion 🏆  He watches. He copies. He becomes.  This is more than training. This is legacy. This is a father showing his son what strength, consistency, and self-respect look like in real life.  I don’t need to tell him who to be. I just need to be it every single day.  Because the greatest gift I can give him isn’t money, toys, or advice. It’s the example he grows up watching… and the belief that he can become anything he commits to."
DQ7UL7LDAoC,https://www.instagram.com/p/DQ7UL7LDAoC/,reel,2025-11-11T18:49:40.000Z,167,1744,36,false,2,500,68.066,0.13,mindset_motivation,training_strength,false,,"Chilling with my Bro at the Bar 😇💪💯🏆  WHY IT’S THE #1 PULLING EXERCISE Because it does exactly what the body was built to do — pull its own weight through space with strength, control, and power. Weighted pull-ups build the type of physique you can see, feel, and use. Thick lats. Strong arms. Bulletproof upper back. Elite strength that carries over to sport, performance, and longevity.  WEIGHTED PULL-UPS — THE KING OF ALL PULLING EXERCISES  1. They build real-world strength. Pulling your own bodyweight is one thing. Adding weight forces your body to adapt at a higher level. This carries over to every movement — rows, deadlifts, grappling, climbing, and overall upper-body power.  2. They build insane back density. Weighted pull-ups hit the lats, upper back, forearms, biceps, and core in one movement. No machine will ever match the tension, stability, and muscle recruitment you get from lifting your own body with added load.  3. They improve shoulder health. Full range, controlled reps strengthen the scapula. This means better posture, stronger shoulders, and reduced injury risk.  4. They test true athleticism. Anyone can sit and pull a cable. Not everyone can strap 10–20–40 kg around their waist and pull themselves up. It exposes weaknesses and builds elite-level performance.  5. They are the ultimate progression tool. Beginner: bodyweight pulls. Intermediate: controlled reps + tempo. Advanced: weighted reps for strength and power. You always have room to scale.  6. Grip strength explodes. Your grip is a predictor of longevity, athleticism, and total-body strength. Weighted pull-ups force it to grow.  7. Joint-friendly compared to heavy rows. Less lower back stress. More lat activation. Cleaner lines of tension."
DQ5D63ADODJ,https://www.instagram.com/p/DQ5D63ADODJ/,reel,2025-11-10T21:49:17.000Z,167.9,160,36,false,1,169,8.966,0.127,mindset_motivation,mindset_motivation,false,,"Lock in. Enjoy the time we have. Build the body, the mind, and the discipline that carries you through life. Every day is a chance to get better don’t waste it."
DQypbJnjDoS,https://www.instagram.com/p/DQypbJnjDoS/,reel,2025-11-08T10:05:34.000Z,170.4,499,49,false,5,354,8.233,0.185,talking_head,hyrox_hybrid,false,,"Wrestling is the oldest sport in the world — and for a reason. It tests a man’s strength, balance, endurance, and mindset in a way nothing else does.  Every round forces you to stay calm under pressure. Every position demands control, patience, and power. Every scramble exposes your weaknesses and sharpens them.  This is real training. This is real conditioning. This is how you build a stronger body and a stronger mind.  Most people chase comfort. We choose challenge. That’s where growth lives."
DQr4qqbjEfx,https://www.instagram.com/p/DQr4qqbjEfx/,reel,2025-11-05T19:07:42.000Z,173,795,17,false,4,162,89.4,0.072,mindset_motivation,training_strength,false,,"Signals vs noise.  Most people drown in noise. Notifications. Opinions. Distractions. Then they wonder why their life is stuck.  Success is simple. Identify the signal. Follow the signal. Ignore everything else.  Your day must serve your future. Not your impulses. Not your comfort. Not other people’s agenda.  Focus on tasks that move you forward. Fuel your body. Train your mind. Protect your energy. Stack wins daily.  Productive days compound into a powerful life. Wasted days compound into regret.  Choose where your attention lives. Choose what your energy serves. Choose your future, not your excuses.  You only get one life. Don’t waste it scrolling. Build yourself. Earn momentum. Move with purpose.  High performance is not talent. It’s discipline in the face of noise.  Let’s work. 💥"
DQpO3wijMe9,https://www.instagram.com/p/DQpO3wijMe9/,reel,2025-11-04T18:16:26.000Z,174,48,25,false,1,181,12.966,0.089,unclassified,lifestyle_personal,false,,All your Problems have one Solution - MOVEMENT !
DQZ2RIGDGqs,https://www.instagram.com/p/DQZ2RIGDGqs/,reel,2025-10-29T18:53:03.000Z,180,388,74,false,6,502,29.166,0.274,mindset_motivation,training_strength,false,,"Explosive legs = athletic power. ⚡️ Box jumps aren’t just about jumping high — they teach your body to produce force fast. That means more speed, stronger lifts, better balance, and bulletproof knees. Every explosive rep builds fast-twitch fibers — the ones that make you strong, agile, and functional. So if you only lift slow, you’ll move slow. Train explosive. Move like an athlete. 💥"
DQZ1TL3DCKD,https://www.instagram.com/p/DQZ1TL3DCKD/,reel,2025-10-29T18:45:07.000Z,180,269,33,false,1,165,54.9,0.116,unclassified,transformation,false,,"Movement is key 🔑  Movement is the medicine your body’s been begging for. Not pills. Not shortcuts. Just movement. Every rep, every walk, every stretch — it heals. Your energy, your mood, your confidence. Stop waiting to feel good. Start moving — that’s the cure. 💪🔥"
DQRpw3pDGgy,https://www.instagram.com/p/DQRpw3pDGgy/,reel,2025-10-26T14:30:40.000Z,183.2,230,22,false,0,130,41.6,0.075,personal_family,nutrition,false,,4 Pillars to beat insulin Resistance 🤩🏆💯  The tastiest snacks that you should be consuming on a daily without fail … all here in this video !! Build and appetite for me and 10 years from now your body is going to thank you 😍💪
DQPc718jHNG,https://www.instagram.com/p/DQPc718jHNG/,reel,2025-10-25T17:59:21.000Z,184,314,16,false,1,140,90.833,0.058,skit,nutrition,false,,"Your metabolism doesn’t slow down when you skip meals or fast. It slows down when you constantly eat the wrong foods, don’t train, and sleep poorly.  Fasting gives your body time to reset, balance hormones, and improve insulin sensitivity. It’s not starvation — it’s optimization.  Train. Fast. Recover. Repeat. ⚡️"
DQPbjIujIWq,https://www.instagram.com/p/DQPbjIujIWq/,reel,2025-10-25T17:47:17.000Z,184.1,80,19,false,0,152,9.4,0.065,talking_head,lifestyle_personal,false,,Work when no one is Watching this is the most important lesson for the year 2025
DQM1Kk8jCDn,https://www.instagram.com/p/DQM1Kk8jCDn/,reel,2025-10-24T17:33:25.000Z,185.1,39,37,false,6,237,64.333,0.147,talking_head,lifestyle_personal,false,,The Secret to Getting Stronger 😇🏆💯💪
DQMzzqnjJkB,https://www.instagram.com/p/DQMzzqnjJkB/,reel,2025-10-24T17:21:43.000Z,185.1,50,21,false,2,111,14.633,0.079,unclassified,lifestyle_personal,false,,Time is our most Valuable asset ! Send it wisely !
DQHrPC-jOmt,https://www.instagram.com/p/DQHrPC-jOmt/,reel,2025-10-22T17:30:05.000Z,187.1,44,23,false,1,348,5.366,0.082,unclassified,lifestyle_personal,false,,Change or Remain the same your Choice ! 😇🙏
DQHF7gwDG-t,https://www.instagram.com/p/DQHF7gwDG-t/,reel,2025-10-22T12:31:54.000Z,187.3,157,51,false,1,460,69.966,0.178,unclassified,training_strength,false,,What do all these Diets come down to ?   Quality or Quantity of calories !   Is a form of restriction the right way ?   Comment below your thoughts ! 💭 🤓👌
DQGZebiDLwV,https://www.instagram.com/p/DQGZebiDLwV/,reel,2025-10-22T05:36:18.000Z,187.6,106,17,false,1,231,14.7,0.062,skit,nutrition,false,,It’s not willing to work for it !! I will just tell you one thing !   Go home eat and sleep 🤩🫡😂🤣😂🤣😂
DQGYOGgjF0O,https://www.instagram.com/p/DQGYOGgjF0O/,reel,2025-10-22T05:25:31.000Z,187.6,62,14,false,0,140,59.566,0.048,unclassified,lifestyle_personal,false,,If you can’t Fast you clearly have an Addiction problem 🤓🧐🤨
DQFNLZpjIN-,https://www.instagram.com/p/DQFNLZpjIN-/,reel,2025-10-21T18:29:16.000Z,188,50,44,false,4,352,20.933,0.164,unclassified,lifestyle_personal,false,,Do the Things that make you uncomfortable 🤩💯🏆💪
DQC5XzYDODy,https://www.instagram.com/p/DQC5XzYDODy/,image,2025-10-20T20:56:48.000Z,188.9,651,59,false,3,,,0.212,skit,training_strength,false,,"Happy Diwali 🪔   Gratitude. For family. For health. For the roof over our head. For the chance to wake up and fight another day.  We often chase the next goal so hard that we forget what we already have. The real wealth isn’t in money, cars, or titles it’s in peace, purpose, and the people we love.  Every breath is a blessing. Every struggle is a teacher. When you start from gratitude, everything else multiplies energy, strength, and opportunity.  Today, take 60 seconds to thank God, your parents, your body, and everyone who stood by you when no one else did. That’s real success.  🙏🏽 Gratitude. Health. Family. Purpose. The rest will follow."
DQC5JPsjPCy,https://www.instagram.com/p/DQC5JPsjPCy/,carousel,2025-10-20T20:54:49.000Z,188.9,276,624,false,41,,,2.277,personal_family,training_strength,false,,"Happy Diwali 🥰  Wishing you and your family light, strength, and protection. May your home be filled with health, peace, and progress. Gratitude for every lesson. Faith in every step. Let this year be brighter because you chose action. Love, discipline, and blessings to all."
DQC4wawDGt6,https://www.instagram.com/p/DQC4wawDGt6/,reel,2025-10-20T20:52:33.000Z,188.9,20,338,false,8,3179,24.1,1.185,unclassified,lifestyle_personal,false,,Happy Diwali 🪔 🤩🙏
DP_RU5yjDYU,https://www.instagram.com/p/DP_RU5yjDYU/,reel,2025-10-19T11:11:10.000Z,190.3,19,30,false,2,164,64.466,0.11,unclassified,lifestyle_personal,false,,Happy Weeknd 🤩💯🏆
DP8OCWijPW7,https://www.instagram.com/p/DP8OCWijPW7/,reel,2025-10-18T12:52:17.000Z,191.3,391,41,false,7,311,132.5,0.164,talking_head,training_strength,false,,"Most people train hard  but not smart. Strength is the foundation. Fat loss is the result.  The formula is simple: 👉 Train with purpose 👉 Eat real, whole foods 👉 Use fasting strategically 👉 Move more — increase your daily expenditure  You don’t need short cuts . You need structure, discipline, and consistency. This is how you build strength, lose weight, and keep it off for life. 💪🔥"
DP8NShEDJoz,https://www.instagram.com/p/DP8NShEDJoz/,reel,2025-10-18T06:39:02.000Z,191.5,349,38,false,1,251,18.233,0.134,mindset_motivation,nutrition,false,,"“I am the best.” Say it. Believe it. Repeat it — every single day.  The average person has 6,000 thoughts a day… and most of them are negative or repetitive.  You can’t control every thought — but you can control the ones you feed.  So out of 6,000… make sure the loudest one says — “I’m unstoppable.” Your mind is your weapon. Use it wisely. ⚔️💭🔥"
DP6nwDbjLgN,https://www.instagram.com/p/DP6nwDbjLgN/,reel,2025-10-17T15:53:10.000Z,192.1,100,30,false,3,294,35.933,0.113,skit,lifestyle_personal,false,,Work even when none is watching ! 😇💯🏆   That’s when they come and ask you how you did it 😂🤣😂🤣
DP6jTEDjHkH,https://www.instagram.com/p/DP6jTEDjHkH/,reel,2025-10-17T15:19:08.000Z,192.2,462,20,false,3,162,84.566,0.079,talking_head,training_strength,false,,"The Secret Sauce 🧠💥 It’s not hours in the gym that change your life… It’s consistency.  Just 10–20 minutes a day of focused movement can completely rewire your energy, mindset, and confidence.  That’s 160 minutes a week — and it’s enough to: ✅ Boost your metabolism ✅ Sharpen your focus ✅ Strengthen your heart ✅ Build resilience ✅ Transform how you feel every single day  Stop overcomplicating it. Start small. Move daily.  Your future self will thank you. 🙌"
DP3-1F5DOCT,https://www.instagram.com/p/DP3-1F5DOCT/,reel,2025-10-16T15:15:10.000Z,193.2,337,36,false,3,204,63,0.134,training_demo,transformation,false,,Fully Body workout   If you don’t have a plan you will never get anywhere ! It’s not about fancy workouts the  basics you double down on it’s the execution it’s the intensity of the work you put in !   Get out that comfort zone .   Learn not to rely solely n anyone you just do it for you !   Remember none is coming to save You 😇💯💪🏆
DP3Qs4SDPS5,https://www.instagram.com/p/DP3Qs4SDPS5/,reel,2025-10-16T09:50:23.000Z,193.4,345,47,false,8,316,57.633,0.188,mindset_motivation,transformation,false,,"🔥 Your brain is built for survival, not success.  The road to hell is easy comfort, shortcuts, instant pleasure. The road to heaven is hard discipline, pain, sacrifice.  What feels like heaven today becomes hell tomorrow. What feels like hell today becomes heaven tomorrow.  Choose your path. 🧠⚔️ #DisciplineOverComfort #Mindset #FitWithMukund"
DP0dRAmjD6j,https://www.instagram.com/p/DP0dRAmjD6j/,reel,2025-10-15T06:27:21.000Z,194.5,28,19,false,1,139,15.9,0.068,unclassified,lifestyle_personal,false,,Don’t forget to DREAM ! 😎🙏
DPzEo9bDKe0,https://www.instagram.com/p/DPzEo9bDKe0/,reel,2025-10-14T18:04:53.000Z,195,331,28,false,3,219,61.133,0.106,talking_head,nutrition,false,,Failure is Good ! Don’t be afraid to fail !   It’s better to take action than stay stagnant.   Wins are great But lessons are truly in the losses and if I can help you not make those mistakes that is so much time saved 😎🙏💯   Let’s work towards being the best version of ourselves . I am constantly learning and Hungry for more !
DPzFPprjFE3,https://www.instagram.com/p/DPzFPprjFE3/,reel,2025-10-14T17:55:33.000Z,195,23,33,false,0,224,16.333,0.113,unclassified,lifestyle_personal,false,,Go be that STRONG MAN !
DPwEHr2DESt,https://www.instagram.com/p/DPwEHr2DESt/,carousel,2025-10-13T13:25:09.000Z,196.2,33,131,false,5,,,0.466,mindset_motivation,lifestyle_personal,false,,I Promise to Never Give up 😇💯🏆
DPv_MPcjNt_,https://www.instagram.com/p/DPv_MPcjNt_/,reel,2025-10-13T12:45:51.000Z,196.3,628,22,false,0,158,87.3,0.075,training_demo,training_strength,false,,Build these 5 Habits to Finish the Year off with a Win  😇💯🏆  Unless you choose to be a loser and Lazy not willing to take action !   Sleep well - Recovery is key and optimal for Human function !   Movement - Move your body the better the blood circulate the more you are going to be functioning and fleeing better !   Protein - it is the building block of Muscle and your body needed it the most to function !  Workout - 3-4 times a week weather you feel like it or not ! You will be preventing so many diseases that are caused by a sedentary lifestyle   Plan - Plan your week ahead don’t waste time 🤩💯💪🏆   Let’s Win ! 🥇
DPv65dBjIjU,https://www.instagram.com/p/DPv65dBjIjU/,reel,2025-10-13T12:04:53.000Z,196.3,378,24,false,1,166,17.3,0.086,skit,mindset_motivation,false,,What are the mental and physical barriers you are willing to break to be the best version of you ?   I have never forced my son to do these pull ups .. after each Grappling session he would tell me daddy I want to do pull ups 😍   You must enjoy what you do when you learn to enjoy and see the benefits it gives your the returns are 💯 % better   Go be the best version of YOU !
DPuFEBMDDDn,https://www.instagram.com/p/DPuFEBMDDDn/,reel,2025-10-12T18:55:55.000Z,197,92,41,false,2,210,36.5,0.147,unclassified,training_strength,false,,Train not to just look good train to Perform !   Train to be the best version of you. 😇💯💪
DPmCNIuDFa6,https://www.instagram.com/p/DPmCNIuDFa6/,reel,2025-10-09T15:57:58.000Z,200.1,500,59,false,9,659,136.966,0.233,skit,nutrition,false,,"Digest your Food More Efficiently !   Acid reflux isn’t always about what you eat… it’s how you eat. Most people rush through meals, scrolling on their phones or eating on the go.  When you don’t chew your food properly, your stomach has to work harder to break it down — leading to bloating, indigestion, and acid reflux.  ✅ Slow down. ✅ Be mindful. ✅ Chew your food until it’s almost liquid.  A simple habit that can drastically improve your digestion, energy, and gut health.  🩺 By Dr. Neel Reddy"
DPhB9JDDPA9,https://www.instagram.com/p/DPhB9JDDPA9/,reel,2025-10-07T17:19:35.000Z,202.1,381,52,false,1,600,118.833,0.181,skit,nutrition,false,,The Metrics that you should be focused on for longevity 😎💯🏆   Explained in detail what we should be focusing on and not just dropping weight and m the scale !   Eat well get strong 💪 live the best quality of life !   Life is short a journey don’t know when it can end !! Take care of you be the best you !   Improve your moods ! Improve mental clarity ! Be Happy !  @dr_veda.ai
DPRl0lWjGa0,https://www.instagram.com/p/DPRl0lWjGa0/,reel,2025-10-01T20:41:59.000Z,207.9,56,53,false,2,792,42.2,0.188,unclassified,lifestyle_personal,false,,What are the 3 Most Important Metrics for Longevity ! 😇
DPRkwjPjCAB,https://www.instagram.com/p/DPRkwjPjCAB/,reel,2025-10-01T17:14:30.000Z,208.1,17,10,false,2,68,10.933,0.041,unclassified,lifestyle_personal,false,,Build the Habit !
DPRkUSBDGyR,https://www.instagram.com/p/DPRkUSBDGyR/,reel,2025-10-01T17:11:39.000Z,208.1,145,28,false,0,182,18.333,0.096,transformation,training_strength,false,,Do it Any way !! You feel the Best After#noexcuses 😇🏆💯💪#noexcuses #fitnessjourney #highperformance #disciplineequalsfreedom #consistencyiskey
DPMb5awjIiU,https://www.instagram.com/p/DPMb5awjIiU/,reel,2025-09-29T17:21:13.000Z,210.1,47,20,false,0,291,14,0.068,unclassified,lifestyle_personal,false,,It’s Your Choice   Ordinary  Or   Extraordinary
DPJufuVjF8t,https://www.instagram.com/p/DPJufuVjF8t/,reel,2025-09-28T16:09:15.000Z,211.1,415,47,false,5,656,85.666,0.178,skit,transformation,true,dm,"Guys if you’re looking for an easy workout with the best results… we got you 😇💯🏆  DM us to build you the Blueprint — the Master Plan that takes you straight to the top 🤩💪🏆  I promise you… it’s so easyyyyyy 🫡😎  😂 Meanwhile, here’s how me & Sam train our clients — with the most hilarious, ridiculous challenges that make them think twice… but also make them the best 💥 Constant challenge = constant growth."
DPEJn3oDLU9,https://www.instagram.com/p/DPEJn3oDLU9/,reel,2025-09-26T12:20:58.000Z,213.3,728,112,false,5,704,55.566,0.401,mindset_motivation,training_strength,false,,"We are back with another post focusing on losing body fat. Here are some 💎 to focus on to achieve just that   Calorie Deficit: burning more calories (energy) than consuming . This causes your body to use stored fat as energy 🔥   Muscle Building: Increasing muscle mass means more energy is needed for movement, therefore burning more calories. Muscles also burns more calories at rest 😉  NEAT (Non-Exercise Activity Thermogenesis): Every little movement helps 🤩 like walking, cleaning, taking the stairs, holding the shopping bags etc. All is this will in the end help you to burn calories throughout the day 🤯  Is your goal to lose body fat? Let us know what you are struggling with and we can help you achieve the goal 😊"
DO_lB04jLsT,https://www.instagram.com/p/DO_lB04jLsT/,reel,2025-09-24T17:34:15.000Z,215.1,1044,53,false,3,470,63,0.192,mindset_motivation,training_strength,false,,"Strength Training •Goal: Maximize how much weight you can lift (force output). •Method: Heavy weights, lower reps (1–6). •Rest Periods: 2–5 minutes between sets. •Reason: You’re training the nervous system as much as the muscles. Long rest allows full recovery of ATP and nervous system so you can lift maximal loads again. •Meaning: Strength = moving the weight from point A to point B with optimal form, regardless of how much the muscle “burns.”  Hypertrophy Training •Goal: Build muscle size (muscle fibers and volume). •Method: Moderate to heavy weights, moderate reps (6–15+). •Rest Periods: 30–90 seconds between sets. •Reason: Shorter rest increases metabolic stress and muscle fatigue, key drivers of muscle growth. •Meaning: Hypertrophy = focusing on tension and intensity within the muscle. It’s less about how much weight you can move, more about how hard the muscle is working.  ✅ In short: 	Strength = Performance of the nervous system. Heavy loads, long rests. 	Hypertrophy = Fatigue of the muscle. Moderate loads, shorter rests."
DOoAfB2jN74,https://www.instagram.com/p/DOoAfB2jN74/,carousel,2025-09-15T13:48:04.000Z,224.2,24,208,false,15,,,0.764,unclassified,lifestyle_personal,false,,Top of the World 🌍 🤩🏆
DOn_hPwjIGy,https://www.instagram.com/p/DOn_hPwjIGy/,reel,2025-09-15T13:40:02.000Z,224.2,23,15,false,1,140,31.4,0.055,unclassified,lifestyle_personal,false,,Fly over #strava 🤩🏆💯
DOn-Hu2DMB1,https://www.instagram.com/p/DOn-Hu2DMB1/,carousel,2025-09-15T13:27:25.000Z,224.2,498,68,false,8,,,0.26,skit,hyrox_hybrid,false,,"Another year. Another Brighton ride. 🚴‍♂️ My 3rd time.  Took on Beacon Hill and this time pushed harder, held a faster pace the whole way.  At 34, I threw myself into endurance—something I never used to do. Why? Because growth only happens when you step into the uncomfortable.  Now I love it. I love testing myself. I love feeling that pain and pushing through it.  This is living. Using my body to its full potential. Not waiting. Not wasting.  Because if you don’t challenge yourself—life will."
DOllweBjMND,https://www.instagram.com/p/DOllweBjMND/,reel,2025-09-14T15:31:41.000Z,225.1,239,87,false,10,426,95.566,0.332,skit,lifestyle_personal,false,,100 Kilometres Challenge 😎🏆💯   Shaping my Future working towards being the strongest best version of myself 😍   No better feeling in this world 🌎 Go do it for you for your loved ones !   Learn to live for them than die for them 😂🤣🙏
DOgqvivDPH8,https://www.instagram.com/p/DOgqvivDPH8/,carousel,2025-09-12T17:23:24.000Z,227.1,74,36,false,2,,,0.13,unclassified,nutrition,false,,Life is what you want it to Be !   Remember you Create your Reality 🤩🏆💯
DOgpNSVjGLr,https://www.instagram.com/p/DOgpNSVjGLr/,reel,2025-09-12T17:10:47.000Z,227.1,93,40,false,3,244,14.033,0.147,mindset_motivation,mindset_motivation,false,,Choose Discipline Over Motivation Each time 😇  Watch the best version of you turning up 😎👊
DOgo0K6jCGU,https://www.instagram.com/p/DOgo0K6jCGU/,reel,2025-09-12T17:07:30.000Z,227.1,87,38,false,2,227,8,0.137,unclassified,lifestyle_personal,false,,Evolving constantly ! Being reborn into the Best Version of you is what you want 🤩💯🏆
DOVy-4bDJjf,https://www.instagram.com/p/DOVy-4bDJjf/,reel,2025-09-08T12:05:02.000Z,231.3,460,14,false,2,97,18.2,0.055,skit,nutrition,false,,Discipline is doing what needs to be done even when you don’t feel like it.  It’s not about motivation. It’s not about moods. It’s about showing up.  Discipline is waking up when you want to sleep. Training when you feel tired. Eating clean when junk is right in front of you.  The meaning of discipline is freedom. Freedom from weakness. Freedom from regret. Freedom to live life on your terms.  Discipline builds confidence. Confidence builds champions. 💪🔥
DOVyx11jGhh,https://www.instagram.com/p/DOVyx11jGhh/,reel,2025-09-08T12:02:21.000Z,231.3,446,24,false,1,232,7.8,0.086,skit,training_strength,false,,"When you push yourself, work hard, and do everything that needs to be done… yet still feel it’s never enough—have you been there?  That’s the difference. That shift is what separates you from the average. That mindset is what creates champions.  Movement is the key. Without it—you stay stuck, miserable, depressed… and you’ll die sooner than you should.  So move. Push. Grow. Your future self will thank you.  Wish you nothing but the best. 💪🔥"
DOTA0piDMdE,https://www.instagram.com/p/DOTA0piDMdE/,carousel,2025-09-07T10:06:58.000Z,232.4,256,27,false,0,,,0.092,training_demo,training_strength,false,,"Every rep = proof that excuses don’t build results.  This isn’t about sets and reps. It’s about building resilience, strength, and confidence.  Your health is your biggest ROI. These clients are proving it.  If you’ve been waiting for a sign—this is it. 🚀"
DOS0esujIr1,https://www.instagram.com/p/DOS0esujIr1/,reel,2025-09-07T08:20:14.000Z,232.4,122,51,false,2,519,30.433,0.181,skit,lifestyle_personal,false,,We just can’t have a Probelm Mate 😂🤣😂🤣🤣  Happy Sunday Guys Smile be Happy enjoy your day like it was your last 😎🏆💯
DOREG4_jEqu,https://www.instagram.com/p/DOREG4_jEqu/,reel,2025-09-06T16:53:16.000Z,233.1,585,52,false,8,559,40.833,0.205,skit,mindset_motivation,false,,"The last takedown was the Silliest 😂🤣😂🤣  If you are not willing to fall, then how will you ever learn?  Every throw, every takedown, every fall teaches you something new. It humbles you. It builds you. It shows you whether you have the fight to get back up.  Champions are not made by winning all the time. They are made by falling, learning, adapting, and coming back stronger.  Most people quit when it gets uncomfortable. That’s why most people never win.  Here, wrestling with champions like Iurie — testing myself, learning, and building that fighter’s mindset.   @iurie_grama"
DOOp7O1jGT2,https://www.instagram.com/p/DOOp7O1jGT2/,carousel,2025-09-05T17:29:56.000Z,234.1,364,551,false,20,,,1.955,personal_family,mindset_motivation,false,,"Happy Birthday Little Champion 🤩🏆💯  My son. I will raise you to be the strongest in body, the smartest in mind, the wisest in decisions, the kindest in heart, and the most caring in spirit. You will be the best in the world because you will live with courage, discipline, and love. I am proud to be your father, and I promise to guide you every step of the way."
DOMBwiNjNqN,https://www.instagram.com/p/DOMBwiNjNqN/,carousel,2025-09-04T17:00:28.000Z,235.1,1217,129,false,13,,,0.486,event_recap,training_strength,true,save_share,"The recovery secret world-class athletes don’t talk about…  Most people think elite athletes recover with ice baths, massages, or supplements. But here’s what they really use when no one’s watching → Hyperbaric Oxygen Therapy (HBOT).  Step inside a chamber. Breathe in 10x more oxygen than normal. What happens? Your blood plasma floods with oxygen. Muscles, tendons, ligaments repair at lightning speed.  Your mitochondria supercharge. These “power plants” of your cells pump out more energy than ever.  Your brain switches on. Sharper focus. Faster decisions. Clearer thinking.  Your inflammation drops. Joints recover. Pain reduces. You’re ready to train again, harder.  This is why UFC fighters, Premier League footballers, and Olympians are hooked on it. They’re not recovering like the average person they’re rebuilding like machines.  And now, I’m working directly with Henshaw Hyperbarics, leaders in this space. That means I get to share this tech with YOU.  👉 The link is in my bio. If you’re serious about recovery, performance, or just operating at a higher level this could be the edge you’ve been missing.  Most people will ignore this. The ones who act on it? They’ll be the ones performing like pros."
DOD_Q14DO4G,https://www.instagram.com/p/DOD_Q14DO4G/,carousel,2025-09-01T14:04:44.000Z,238.2,225,169,false,4,,,0.592,unclassified,nutrition,false,,Recap 😎🏆💯🙏   Truly blessed to Be around some Amaizng people !   Have a Great week ahead Guys !!   Shaping the Future each day every minute every second counts !!   The only Currently that you spend and never get back 😎💪
DN-m63vjBMV,https://www.instagram.com/p/DN-m63vjBMV/,carousel,2025-08-30T11:55:49.000Z,240.3,631,217,false,6,,,0.764,skit,training_strength,true,dm,"Earn your meals. Build your temple. Live like a king. 👑⚔️ ——->>>>> Last Slide for the Food 🤤 🤤 🤤   Most people live to eat. We train to earn our food.  Every rep 👉 builds strength. Every fast 👉 improves insulin sensitivity. Every session 👉 adds years to your life.  That’s why when it’s time to eat like kings, our body processes it, not stores it. 🍖🍷 Food fuels us—it doesn’t control us.  Longevity, strength, confidence—it’s all built through daily choices. Discipline first. Reward after.  👉 If you want us to teach you how to eat, enjoy life, and still look like this… DM only if you’re ready to put in the work. 🔥💪"
DN78MxijMM2,https://www.instagram.com/p/DN78MxijMM2/,reel,2025-08-29T20:51:57.000Z,240.9,453,117,false,3,1615,88.7,0.411,talking_head,nutrition,false,,Let’s Gooooo Team 5k   Blessed to be able to Run enjoy some rain some Sun and some sweat !   Beautiful day with some beautiful people !! Enjoy life to the fullest 😍💯👊🏆  I was today the Camera Man Motivator Friend team mate 😎🙏   Let’s Goooooo !!   Lesson - Sometimes there is Rain but you don’t quit and keep moving into the sun shine 🤩🫡   So many would have just quit seeing the rain !! But there lies the lesson !! Growth is never confertable !
DHTMj_-osHm,https://www.instagram.com/p/DHTMj_-osHm/,carousel,2025-03-17T12:09:48.000Z,406.3,1549,263,false,7,,,0.924,training_demo,hyrox_hybrid,true,dm,"From Overworked to Optimal: How Busy Men Transformed Their Health  For years, I’ve worked with men who were grinding long hours, sacrificing their health, and feeling stuck—low energy, weight gain, and a body that no longer felt like their own. They didn’t need another generic workout plan. They needed a structured, efficient system tailored to their lifestyle, hormones, and goals.  Here’s how I helped them get in peak shape without extreme diets or long workouts: ✅ Blood Work Optimization – Addressed key health markers (testosterone, metabolism) to unlock fat loss and muscle growth. ✅ Custom Strength & Conditioning Plan – Short, effective workouts designed for busy schedules. ✅ Tailored Nutrition – No restrictive diets, just smart, flexible eating to fuel performance and longevity. ✅ High-Performance Routines – Optimized sleep, stress, and energy for sustainable results.  Who This is For:  ✔️ Busy professionals & entrepreneurs who want a structured system to get lean, strong, and energized. ✔️ Men who are tired of guesswork and want a science-backed, results-driven approach. ✔️ Executives who need a sustainable plan that fits their lifestyle—not another crash diet.  Who This is NOT For:  ❌ Anyone looking for a quick fix or a “magic” solution. ❌ Men who aren’t ready to commit to long-term success. ❌ Those who refuse to follow a proven plan built for high performance.  🔥 I’m opening spots for 3 professionals who want a structured, no-BS approach to getting in peak shape. DM me “PERFORMANCE” and I’ll send you the details. 🚀"
C-xvZJ-s1oO,https://www.instagram.com/p/C-xvZJ-s1oO/,reel,2024-08-17T16:09:54.000Z,618.1,1087,387,false,5,6747,54.5,1.342,transformation,training_strength,false,,"Are You Feeling Stuck on Your Fat Loss Journey?🛑  I get it. You’ve made some positive changes, put in the effort, and started seeing some results. But then, you hit a wall. Suddenly, you’re overwhelmed by the flood of conflicting advice on social media, unsure of the next steps, and feeling lost.  I’m here to tell you that you don’t have to navigate this journey alone.🙌  I’ve been helping people just like you achieve their fat loss goals for years. My teachings have transformed thousands of lives, and I want to help you find clarity and success too.  Whether you’re confused by the information overload or just need that extra push, I’m here to guide you onto the right path.I’ll show you how to cut through the noise, stay motivated, and keep moving forward toward your goals with confidence.  If you’re ready to change your mindset, break through that plateau, and truly commit to your transformation,   fill out the form in my bio and let’s get started! 💪  This is your chance to take control, make real progress, and achieve the results you’ve been dreaming of.  Let’s go!💯"
C5xfymrMA_d,https://www.instagram.com/p/C5xfymrMA_d/,reel,2024-04-15T14:20:59.000Z,742.2,517,263,false,36,2291,181,1.024,transformation,hyrox_hybrid,false,,"Discovering your “why” is the compass that guides you through life’s journey. It’s the reason behind every choice you make, every goal you pursue, and every dream you chase. Take a moment to reflect on what truly ignites your passion and purpose. Embrace your “why” with clarity and conviction, and watch as it empowers you to achieve greatness. #FindYourWhy #PurposeDriven #PassionInProgress 🌟✨  We all go through Pain in life .. it what we chose to do with it !! Turn it into a Positive or just Choose to Suffer 😎"