post_id,shortcode,url,type,product_type,timestamp,age_days,caption_length,likes_count,comments_count,views_count,plays_count,video_duration_s,engagement_rate_pct,likes_per_day,comments_per_day,views_per_day,comment_to_like_ratio,content_topic_cluster,has_clear_cta,cta_type,funnel_stage,offer_alignment,is_pinned,caption
3860769846959356283,DWUNbh3jTl7AG5TgcZF3Cbt07Z5EU49pRI0hYg0,https://www.instagram.com/p/DWUNbh3jTl7AG5TgcZF3Cbt07Z5EU49pRI0hYg0/,carousel,,2026-03-25T17:27:32.000Z,32.1,65,241,24,,,,0.907,7.52,0.749,,0.1,lifestyle_personal,false,,awareness,none,false,Proud of you both today!! Smashed it and so amazing to watch 🤩🫡
3872054800917910547,DW8TVOPjtQT,https://www.instagram.com/p/DW8TVOPjtQT/,image,,2026-04-10T07:12:40.000Z,16.5,192,359,20,,,,1.298,21.77,1.213,,0.056,training_strength,false,,awareness,online,false,"The reason I exist, the strength behind everything I am.   Make sure you love and take care of your mother no matter what the purest form of love you will ever see in life😍🤗 -  Love you Mama"
3860761815915719857,DWULmqYDGyx,https://www.instagram.com/p/DWULmqYDGyx/,carousel,,2026-03-25T17:11:34.000Z,32.1,1077,321,76,,,,1.359,10.01,2.37,,0.237,training_strength,false,,awareness,online,false,1:09:35. LONDON - OLYMPIA   Lungs burning. Legs gone. Still moving. Representing INDIA 🇮🇳 GHANA 🇬🇭 — two lions in London who refused to slow down. Last year we gave everything and crossed at 1:14. This year we came back and took 5 minutes off that. But I need to tell you something about the night before. I didn’t sleep much. I dreamed the race. Every station. Every run. Every moment I had mastered it — performed it to its finest. So when it got real — when the Burpees got us out of breath and the LUNGS were TESTED and our QUADS were giving up — I’d already been there. I’d already come through it. That’s not magic. That’s work before the work. Most people only prepare the body. The ones who win — they’ve already finished the race in their mind a hundred times before race day. You want to know what separates people? Not talent. Not time. Not money. It’s whether you decide — truly decide — what kind of machine you want to be. Fiat or Ferrari. We know what we are. 🦁🔥 #Hyrox #London #RaisingLions #NeverGiveUp Visualize TrainToPerform LondonFitness IndiaInLonon
3858493170837398463,DWMHxiACKO_,https://www.instagram.com/p/DWMHxiACKO_/,image,,2026-03-22T14:15:01.000Z,35.2,666,94,6,,,,0.342,2.67,0.17,,0.064,mindset_motivation,false,,awareness,content,false,The moment it becomes a chore  you’ve lost them. I don’t force my son into anything. I make it something he wants to run towards. We race. We laugh. We mess around. And somewhere in all that fun  he’s building discipline without even realising it. That’s the secret. You don’t drill greatness into your kids. You make it so enjoyable they choose it themselves. Rain or shine we show up. But we always show up with a smile. The lessons that stick aren’t the ones forced on them. They’re the ones they enjoyed living. Shape them just enough. Keep it fun. Keep it real. That’s how I’m raising my lion. 🦁 #RaisingLions #FatherAndSon #LegacyOverEverything #leadbyexample
3868577233695451340,DWv8n9YlKjM,https://www.instagram.com/p/DWv8n9YlKjM/,carousel,,2026-04-05T11:59:25.000Z,21.3,73,222,12,,,,0.801,10.43,0.564,,0.054,lifestyle_personal,false,,awareness,none,false,Recently Hired a Very Skilled Photographer ! 😜👌  Rate the Skillz 😂🤣😂
3883828295754371070,DXmIUHxDM_-,https://www.instagram.com/p/DXmIUHxDM_-/,image,,2026-04-26T13:00:33.000Z,1,145,125,7,,,,0.452,125,7,,0.056,lifestyle_personal,false,,awareness,none,false,Happy Birthday to you 🤩  I Don’t Love you …  With my heart or mind   The Heart can stop and the Mind can forget   I love you with my Soul 😍🤪🥳
3863610562882345800,DWeTVYvDJtI,https://www.instagram.com/p/DWeTVYvDJtI/,carousel,,2026-03-29T15:31:32.000Z,28.1,176,311,40,,,,1.202,11.05,1.421,,0.129,hyrox_hybrid,false,,awareness,online,false,You don’t have to be a runner to do HYROX. You have to be tough. You have to be fit. You have to be able to suffer and keep moving. Teamwork. Effort. No excuses. We smashed it.
3861526930718660754,DWW5kjEFxiS,https://www.instagram.com/p/DWW5kjEFxiS/,carousel,,2026-03-26T18:31:43.000Z,31,213,434,42,,,,1.63,13.99,1.354,,0.097,hyrox_hybrid,false,,awareness,online,false,Showing you some action from our second @hyroxuk at London Olympia!  Enjoy watching us take 5 mins off our time from our first HYROX in London Excel   🇬🇭 x 🇮🇳 = 📈  #hyrox #hybrid #lifetsyle #fitness #hardwork
3853581755987312135,DV6rDCejL4H,https://www.instagram.com/p/DV6rDCejL4H/,carousel,,2026-03-15T19:26:05.000Z,42,927,243,15,,,,0.883,5.79,0.357,,0.062,hyrox_hybrid,false,,awareness,online,false,"Happy Mother’s Day   Behind every picture is a thousand feelings. Adonis crying. Us laughing. A whole world in a few frames. Watching my son love his mum the way he does — it does something to you. It mirrors something I’ve felt my whole life but never fully understood until now. My love for my own mother has grown every single year. The older I get, the more I realise  we are literally a part of them. We came from them. And somewhere in the rush of life, we forget how sacred that is. There is no love like a mother’s love. Nothing even close. And to my wife  thank you for being more than comfort. Thank you for pushing me. For making me uncomfortable. For refusing to let me stay small. You don’t just hold this family together  you make us all better. Happy Mother’s Day to every woman who gives everything, asks for nothing, and loves without limit. 🤍 #MothersDay #Family #RaisingLions #Gratitude #HerLoveIsEverything"
3346595815055429597,C5xfymrMA_d,https://www.instagram.com/p/C5xfymrMA_d/,reel,clips,2024-04-15T14:20:59.000Z,741.2,517,263,36,2289,9634,181,1.024,0.35,0.049,3.09,0.137,mindset_motivation,false,,awareness,content,true,"Discovering your “why” is the compass that guides you through life’s journey. It’s the reason behind every choice you make, every goal you pursue, and every dream you chase. Take a moment to reflect on what truly ignites your passion and purpose. Embrace your “why” with clarity and conviction, and watch as it empowers you to achieve greatness. #FindYourWhy #PurposeDriven #PassionInProgress 🌟✨  We all go through Pain in life .. it what we chose to do with it !! Turn it into a Positive or just Choose to Suffer 😎"
3436736427548957198,C-xvZJ-s1oO,https://www.instagram.com/p/C-xvZJ-s1oO/,reel,clips,2024-08-17T16:09:54.000Z,617.1,1087,387,5,6746,57506,54.5,1.342,0.63,0.008,10.93,0.013,mindset_motivation,false,,awareness,content,true,"Are You Feeling Stuck on Your Fat Loss Journey?🛑  I get it. You’ve made some positive changes, put in the effort, and started seeing some results. But then, you hit a wall. Suddenly, you’re overwhelmed by the flood of conflicting advice on social media, unsure of the next steps, and feeling lost.  I’m here to tell you that you don’t have to navigate this journey alone.🙌  I’ve been helping people just like you achieve their fat loss goals for years. My teachings have transformed thousands of lives, and I want to help you find clarity and success too.  Whether you’re confused by the information overload or just need that extra push, I’m here to guide you onto the right path.I’ll show you how to cut through the noise, stay motivated, and keep moving forward toward your goals with confidence.  If you’re ready to change your mindset, break through that plateau, and truly commit to your transformation,   fill out the form in my bio and let’s get started! 💪  This is your chance to take control, make real progress, and achieve the results you’ve been dreaming of.  Let’s go!💯"
3590268578380825062,DHTMj_-osHm,https://www.instagram.com/p/DHTMj_-osHm/,carousel,,2025-03-17T12:09:48.000Z,405.3,1549,263,7,,,,0.924,0.65,0.017,,0.027,mindset_motivation,true,dm,conversion,content,true,"From Overworked to Optimal: How Busy Men Transformed Their Health  For years, I’ve worked with men who were grinding long hours, sacrificing their health, and feeling stuck—low energy, weight gain, and a body that no longer felt like their own. They didn’t need another generic workout plan. They needed a structured, efficient system tailored to their lifestyle, hormones, and goals.  Here’s how I helped them get in peak shape without extreme diets or long workouts: ✅ Blood Work Optimization – Addressed key health markers (testosterone, metabolism) to unlock fat loss and muscle growth. ✅ Custom Strength & Conditioning Plan – Short, effective workouts designed for busy schedules. ✅ Tailored Nutrition – No restrictive diets, just smart, flexible eating to fuel performance and longevity. ✅ High-Performance Routines – Optimized sleep, stress, and energy for sustainable results.  Who This is For:  ✔️ Busy professionals & entrepreneurs who want a structured system to get lean, strong, and energized. ✔️ Men who are tired of guesswork and want a science-backed, results-driven approach. ✔️ Executives who need a sustainable plan that fits their lifestyle—not another crash diet.  Who This is NOT For:  ❌ Anyone looking for a quick fix or a “magic” solution. ❌ Men who aren’t ready to commit to long-term success. ❌ Those who refuse to follow a proven plan built for high performance.  🔥 I’m opening spots for 3 professionals who want a structured, no-BS approach to getting in peak shape. DM me “PERFORMANCE” and I’ll send you the details. 🚀"
3839464972342169610,DVIhQzMApAK,https://www.instagram.com/p/DVIhQzMApAK/,reel,clips,2026-02-24T07:59:11.000Z,61.5,111,100,1,2214,4800,13.333,0.346,1.63,0.016,36.03,0.01,mindset_motivation,false,,awareness,content,false,When your HYROX partner don’t believe in recovery 🙃🙃🙃🙃🙃 zone 5 it is 😂😂😂😂  #hyrox #zone #fun #training
3849961562480452033,DVtz6SijiHB,https://www.instagram.com/p/DVtz6SijiHB/,reel,clips,2026-03-10T19:34:14.000Z,47,72,50,1,275,1224,6.245,0.175,1.06,0.021,5.85,0.02,lifestyle_personal,false,,awareness,none,false,You owe it to no one ! It up to you to be the best Version of You 😎👌💯
3838351762369807640,DVEkJdnDAUY,https://www.instagram.com/p/DVEkJdnDAUY/,reel,clips,2026-02-22T19:08:22.000Z,63,435,40,0,499,1891,4.533,0.137,0.63,0,7.92,0,mobility_recovery,false,,awareness,content,false,"Sprinting is full-body training. Hips drive power. Core stabilises every step. Glutes, hamstrings, quads produce force. Calves and feet store and release energy. Arms and upper back control rhythm and balance.  It trains speed, coordination, posture, and confidence. It builds strong joints, resilient tendons, and a powerful nervous system.  This is how humans were designed to move. Start young. Move fast. Build capability for life."
3840192867688276542,DVLGxEjjGI-,https://www.instagram.com/p/DVLGxEjjGI-/,reel,clips,2026-02-25T08:06:16.000Z,60.5,354,35,2,350,1078,31.366,0.127,0.58,0.033,5.79,0.057,mindset_motivation,false,,awareness,content,false,"This audio carries warrior energy inspired by Rana Kumbha a symbol of fearless strength and royal pride. “Pralayam” means destruction not chaos, but the kind that destroys weakness and builds power.  Every rep is a reminder: We break limits. We rebuild stronger. We rise like warriors.  #Pralayam #RanaKumbha #WarriorMindset #KettlebellTraining #Strength"
3837441327005195800,DVBVI4mjF4Y,https://www.instagram.com/p/DVBVI4mjF4Y/,reel,clips,2026-02-21T12:58:24.000Z,64.2,86,75,3,1371,2694,31.733,0.267,1.17,0.047,21.34,0.04,lifestyle_personal,false,,awareness,none,false,Confident and Strong is how to Turn that Boy into a Man 😎🏆💯   Only @legiongrappling
3839024891513539827,DVG9Mx-jAzz,https://www.instagram.com/p/DVG9Mx-jAzz/,reel,clips,2026-02-23T17:32:52.000Z,62.1,324,32,6,425,1436,63.3,0.13,0.52,0.097,6.85,0.188,mindset_motivation,false,,awareness,content,false,God doesn’t build weak men. He breaks you first.  Pain strips ego. Suffering forges discipline. Tests reveal who you really are.  Only then does strength appear.  I don’t explain this to my son. I demonstrate it. We climb. We struggle. We earn it.  This is how real strength is passed on. Not through words. Through example.
3833039613632207365,DUxsThkjFoF,https://www.instagram.com/p/DUxsThkjFoF/,carousel,,2026-02-15T11:12:30.000Z,70.3,446,262,5,,,,0.914,3.73,0.071,,0.019,hyrox_hybrid,false,,awareness,online,false,"Valentine’s Day😍, even after 10 years of marriage   Still enjoying the simple things in life. There’s no better way.  We fight. We learn the lessons. We evolve.  We understand each other more with time. We communicate. We grow, step by step.  Along the way, a 7-year-old constantly teaching us patience, presence, and perspective.  Just the journey of improving yourself during this short stay on earth. Grateful for it all. Happy Valentine’s ❤️"
3841979429296029488,DVRc-9tjD8w,https://www.instagram.com/p/DVRc-9tjD8w/,reel,clips,2026-02-27T19:15:28.000Z,58,28,73,3,471,1612,17.2,0.26,1.26,0.052,8.12,0.041,lifestyle_personal,false,,awareness,none,false,He wants to Kill me 🤣😂🤣😂
3840943856561221705,DVNxhZcjPBJ,https://www.instagram.com/p/DVNxhZcjPBJ/,reel,clips,2026-02-26T09:00:22.000Z,59.4,589,166,22,2073,3814,58.333,0.644,2.79,0.37,34.89,0.133,training_strength,false,,awareness,online,false,"Time is the one thing no father gets back.  So when I’m with my son, I’m present. We train. We laugh. We fail. We try again.  This isn’t about muscles. It’s about shaping a man who is fearless, grounded, and kind.  I mould him through action. Not words.  Confidence is built through reps. Courage is built through challenge. Character is built by example.  I didn’t have the blueprint growing up. So I became it.  This is legacy work. This is how strong men are raised.  If you’re a father watching this. Remember this. Your child is always training. The question is—what are you teaching?"
3840193951949414065,DVLHA2WjF6x,https://www.instagram.com/p/DVLHA2WjF6x/,reel,clips,2026-02-25T08:08:44.000Z,60.5,497,44,0,488,1434,13.883,0.151,0.73,0,8.07,0,training_strength,false,,awareness,online,false,That moment is pure gold. Failure → reassurance → courage → execution. That’s leadership. That’s parenting.  He failed the jump. I didn’t correct him. I didn’t shout. I didn’t rush him.  I reminded him he was safe. I reminded him he was capable. I reminded him to trust himself.  Then he jumped.  Confidence isn’t motivation. It’s a skill built under pressure. It’s learned when fear shows up and you move anyway.  This is how strong kids are raised. Not protected from failure. Guided through it.
3821641606730893013,DUJMsscDEbV,https://www.instagram.com/p/DUJMsscDEbV/,image,,2026-01-30T17:47:40.000Z,86,269,17,2,,,,0.065,0.2,0.023,,0.118,transformation,false,,trust,online,false,"Sleep is the multiplier. Nutrition is the fuel. Recovery is the advantage.  Train hard if you want. But without these three, progress stalls.  Bodies aren’t built in the gym. They’re rebuilt when you sleep, eat, and recover properly.  This is where results are decided."
3820213291306459373,DUEH7-CjCDt,https://www.instagram.com/p/DUEH7-CjCDt/,reel,clips,2026-01-28T18:29:22.000Z,88,829,29,4,492,1443,21.933,0.113,0.33,0.045,5.59,0.138,mindset_motivation,false,,awareness,content,false,"Box jumps are not about looking athletic. They are about staying powerful.  Jumping trains explosive strength. It keeps fast-twitch muscle fibres alive. It improves coordination, balance, and bone density. It sharpens the nervous system. It teaches your body to produce force quickly.  As we age, power is the first quality we lose. Not strength. Power.  When power drops, falls increase. Reaction time slows. Confidence in movement disappears. Independence starts to fade.  Most adults stop jumping in their 30s. By their 50s, they wonder why they feel fragile.  You don’t need heavy weights to stay young. You need intent. You need speed. You need to remind your body what it was built to do.  Jump within your ability. Progress intelligently. Protect your future body today.  Train power now. So life doesn’t feel heavy later."
3828920157960193574,DUjDpjgjMYm,https://www.instagram.com/p/DUjDpjgjMYm/,carousel,,2026-02-09T18:47:53.000Z,76,408,14,2,,,,0.055,0.18,0.026,,0.143,mindset_motivation,true,save_share,conversion,content,false,How you treat the mind is how life treats you back.  Every outcome starts upstream. In your thoughts. In your standards. In what you allow to repeat daily.  The Stoics understood this. Great leaders lived by it.  Discipline of the mind creates discipline in life. Clarity creates power. Order creates freedom.  Train the mind first. Everything else follows.  Save this. Come back to it when life feels noisy.
3820216471109008075,DUEIqPdjHrL,https://www.instagram.com/p/DUEIqPdjHrL/,reel,clips,2026-01-28T18:35:36.000Z,88,455,9,0,130,669,40.766,0.031,0.1,0,1.48,0,mindset_motivation,false,,awareness,content,false,"Nutrition isn’t complicated. It’s been made confusing on purpose.  Ultra-processed food keeps you addicted. Confusion keeps you dependent. Sick people are profitable.  Real food doesn’t need marketing. Protein, whole foods, fibre, water. Repeat that daily and most problems disappear.  The industry wins when you stay tired, inflamed, and chasing quick fixes. You win when you keep it simple and consistent.  Health is simple. Discipline is the hard part."
3821643800075068697,DUJNMnJjGUZ,https://www.instagram.com/p/DUJNMnJjGUZ/,reel,clips,2026-01-30T17:53:02.000Z,86,197,11,1,180,866,30.933,0.041,0.13,0.012,2.09,0.091,mindset_motivation,false,,awareness,content,false,"Master the basics first. Sleep. Nutrition. Training.  Supplements don’t replace discipline. They amplify it.  Without the basics, they do nothing. Get the foundation right before chasing shortcuts."
3824593279904427389,DUTr1MTDK19,https://www.instagram.com/p/DUTr1MTDK19/,image,,2026-02-03T19:35:45.000Z,82,988,24,0,,,,0.082,0.29,0,,0,training_strength,false,,awareness,online,false,"Most people don’t drink enough water. Some drink far too much.  Both hurt performance.  Too little water and your brain slows down. Your energy drops. Recovery suffers. Hunger signals get confused.  Too much water and you dilute electrolytes. You feel bloated, weak, foggy. Your body loses its natural balance.  So how much do you actually need?  Not a random “8 glasses.” Not forcing water all day.  The right amount is enough to support your organs, blood volume, and training demands — without flushing minerals out.  Here’s the simple rule most people miss: Drink to thirst, but anchor it to bodyweight, activity, and sweat loss.  A strong baseline is 30–35 ml per kg of bodyweight per day. Add more if you train hard. Add electrolytes if you sweat.  Clear urine all day is not the goal. Stable energy, focus, digestion, and performance is.  Water is powerful. Misuse it and it works against you. Use it correctly and everything improves.  Master the basics. Hydration is one of them."
3823831486386985629,DUQ-nozDNqd,https://www.instagram.com/p/DUQ-nozDNqd/,reel,clips,2026-02-02T18:19:06.000Z,83,154,173,10,1913,4710,16,0.627,2.08,0.12,23.04,0.058,lifestyle_personal,false,,awareness,none,false,I don’t train just to look good. I train to live long. To stay strong. To play. To be present. This is the real return on fitness. Legacy over aesthetics.
3823840210363116500,DURAmlojGvU,https://www.instagram.com/p/DURAmlojGvU/,reel,clips,2026-02-02T18:35:08.000Z,83,190,23,3,484,1785,38.2,0.089,0.28,0.036,5.83,0.13,mindset_motivation,false,,awareness,content,false,"Why This Combo Works One trains unilateral control. One trains bilateral power. Together they build strength, symmetry, and resilience. This is how you train hard without breaking your body."
3824596794764732214,DUTsoVxDKc2,https://www.instagram.com/p/DUTsoVxDKc2/,reel,clips,2026-02-03T19:38:23.000Z,82,1180,16,0,233,924,22.708,0.055,0.2,0,2.84,0,mindset_motivation,false,,awareness,content,false,"Water can heal you. And water can hurt you. That’s what nobody tells you.  Your body is over 60% water. Your brain, blood, muscles, joints, and organs rely on it to function. But more is not always better.  Drink too little and performance drops fast. Focus declines. Strength fades. Recovery slows. Fat loss becomes harder.  Drink too much and you create a new problem. You dilute sodium and electrolytes. You feel bloated, foggy, weak. Your nervous system loses balance.  So how much water do you actually need?  Forget “8 glasses a day.” That rule ignores body size, movement, and sweat.  The real framework is simple.  Start with 30–35 ml per kg of bodyweight per day. Train hard? Add more. Sweat a lot? Add electrolytes, not just water.  Your urine doesn’t need to be crystal clear all day. That’s a sign you may be overdoing it.  The real markers are better energy. Clear thinking. Good digestion. Stable training performance.  Water is the foundation. But hydration is water plus minerals.  Master this and everything improves. Get it wrong and you’ll feel “off” no matter how hard you train.  This is why I say: Before supplements. Before fancy diets. Get hydration right."
3828928393769651028,DUjFhZtDAtU,https://www.instagram.com/p/DUjFhZtDAtU/,carousel,,2026-02-09T19:04:15.000Z,76,1380,98,3,,,,0.346,1.29,0.039,,0.031,mindset_motivation,false,,awareness,content,false,"Five months ago, I made a decision. I wasn’t looking for a new workout. I was looking for the hardest discipline I could commit to.  I studied almost every sport. Strength sports. Endurance sports. Combat sports.  One kept standing above the rest.  Wrestling.  One of the oldest forms of human training. Honoured by the ancient Greeks as the ultimate test of the body and mind. Practiced in India for thousands of years through Kushti and Pehlwani. Long before gyms existed. Long before machines. When strength had to be earned.  Wrestling demands everything. Your strength. Your lungs. Your mobility. Your balance. Your awareness. Your humility.  There is nowhere to hide. No equipment to blame. No shortcuts.  That’s exactly why I chose it.  And I chose to walk this path with my son.  Because wrestling doesn’t just build muscle. It builds humans.  It teaches you how to move your body through space. How to stay calm under pressure. How to fall, recover, and rise again. How to respect your opponent. How to control power, not abuse it.  For me, this is training. For him, this is a foundation for life.  This photo isn’t about being the best in the gym. It’s about choosing discomfort on purpose. It’s about passing down discipline, awareness, and strength.  Movement is medicine. Hard things build strong men. And strong men build strong families.  This is legacy in motion."
3828922842524419503,DUjEQntDAWv,https://www.instagram.com/p/DUjEQntDAWv/,reel,clips,2026-02-09T18:53:28.000Z,76,834,36,2,317,1319,28.303,0.13,0.47,0.026,4.17,0.056,mindset_motivation,false,,awareness,content,false,"Training and nutrition should feel effortless to execute. Simple to follow. Low on decisions. High on consistency.  When complexity drops, compliance goes up. That’s how results actually happen.  That’s where I come in.  This is for you if: You know the basic movements. You’ve trained before. You’re tired of guessing. You want structure, direction, and a clear plan you can execute without thinking.  This is not for you if: You have no training experience. You don’t know basic form or technique. You’re looking for shortcuts without investing in fundamentals.  If you’re a complete beginner, you need a personal trainer near you first. Learn how to move properly. Build the foundation. You cannot skip this step.  Health is not an expense. It’s an investment. And your future self will pay you back—with interest.  — FitWithMukund"
3840600919470006229,DVMjjAZDF_V,https://www.instagram.com/p/DVMjjAZDF_V/,reel,clips,2026-02-25T21:35:37.000Z,59.9,689,66,5,1851,3854,15.3,0.243,1.1,0.083,30.91,0.076,mindset_motivation,false,,awareness,content,false,"You wouldn’t buy a supercar and keep it in first gear forever. But that’s exactly how most people treat their bodies.  They move. They “work out.” They stay comfortable.  And then wonder why they feel flat, slow, and tired.  If you never rev the engine, what’s the point of having one?  Sprinting isn’t about calories. It’s a reminder to your body of what it was built for.  Power. Speed. Explosiveness. Life.  Walking keeps you alive. Jogging keeps you busy. But intensity wakes you up.  Your body is the vehicle. Muscle is the engine. The nervous system is the ignition.  If you’re always cruising, don’t be surprised when nothing changes.  Stop idling. Drive the machine you were given."
3815078877761139568,DTx4gazDHNw,https://www.instagram.com/p/DTx4gazDHNw/,reel,clips,2026-01-21T16:28:22.000Z,95.1,571,81,6,506,1722,54.333,0.298,0.85,0.063,5.32,0.074,mindset_motivation,false,,awareness,content,false,If I told you I dreamt of having the perfect gym partner… And that dream became reality… Would you believe me?  This isn’t about reps or weights. This is about legacy.  I’m not teaching him with words. I’m teaching him with action.  Showing him discipline. Showing him consistency. Showing him what strength really looks like.  Every session is a lesson. Every rep is a standard.  We’re building more than muscle. We’re building character.  One day he won’t remember what I said. He’ll remember what I did.  That’s how leaders are made. That’s how sons become strong men.
3817892905990552678,DT74V60DPxm,https://www.instagram.com/p/DT74V60DPxm/,reel,clips,2026-01-25T13:39:40.000Z,91.2,344,9,0,119,625,46.666,0.031,0.1,0,1.3,0,mindset_motivation,false,,awareness,content,false,"Recovery isn’t fancy. It’s fundamentals done daily.  Sleep properly. Eat real food. Hydrate. Breathe. Move well.  Most people chase gadgets. They ignore basics. Then wonder why they’re tired, injured, and stuck.  You don’t need more hacks. You need more discipline.  Do the basics right. Your body already knows how to recover.  @fitwithmukund™"
3804900658474928246,DTNuP1aDEh2,https://www.instagram.com/p/DTNuP1aDEh2/,reel,clips,2026-01-07T15:28:09.000Z,109.1,1184,14,4,172,1202,36.533,0.062,0.13,0.037,1.58,0.286,mindset_motivation,false,,awareness,online,false,"Your body follows orders. Your life follows standards. Both are controlled by the mind.  I’ve seen strong bodies trapped in weak thinking. And I’ve seen average bodies do extraordinary things because the mind was disciplined.  Most people think their problem is motivation. It’s not. It’s conditioning.  From a young age, the mind is programmed. Comfort over growth. Excuses over ownership. Distraction over focus.  So when life gets hard, they quit. When results take time, they doubt. When discipline is required, they negotiate.  The mind is the most powerful tool you own. But only if you train it.  A weak mind looks for shortcuts. A strong mind builds systems.  A weak mind waits to feel ready. A strong mind acts despite fear.  A weak mind reacts to circumstances. A strong mind dictates standards.  Every transformation I’ve witnessed started the same way. A decision. Not a feeling.  The moment you stop arguing with yourself. The moment you keep promises to yourself. The moment your words and actions finally align.  Train the body, yes. But forge the mind.  Because once the mind is locked in, the body has no choice but to follow.  This isn’t motivation. This is mastery."
3815082804594352276,DTx5Zj8jCCU,https://www.instagram.com/p/DTx5Zj8jCCU/,reel,clips,2026-01-21T16:37:54.000Z,95.1,1267,226,8,3448,6927,39.633,0.801,2.38,0.084,36.26,0.035,mindset_motivation,false,,awareness,content,false,"Box Jump Challenge 😂🤣😂🤣😂🤣   Who is Up next ! Stealth Mode ! 🥷   Comment Below who do you think did it better 🤣😂🤣😂  🏆💯😎Benefits of Box Jumps  Explosive power Builds fast-twitch muscle fibers. Improves force production through the hips, knees, and ankles.  Athletic performance Transfers directly to sprinting, jumping, and change of direction. Essential for speed-based sports and hybrid athletes.  Lower-body strength Strengthens glutes, quads, hamstrings, and calves. Teaches powerful hip extension without heavy loading.  Coordination and body control Improves timing, balance, and landing mechanics. Trains the nervous system to move efficiently under speed.  Joint resilience (when done correctly) Teaches proper shock absorption and deceleration. Builds tendon stiffness and elastic strength.  High intensity, low volume efficiency Delivers results fast with fewer reps. Perfect for busy professionals and athletes.  Fat loss and conditioning Elevates heart rate quickly. High return in short sessions.  Mental sharpness Requires focus and intent. Trains commitment—hesitation kills performance.  Key rule Jump up, step down. Quality reps only. Power before fatigue.  Explosiveness isn’t optional. It’s the difference between moving and performing."
3810022200020068720,DTf6wEqjGlw,https://www.instagram.com/p/DTf6wEqjGlw/,reel,clips,2026-01-14T18:12:02.000Z,102,573,10,1,160,833,35.175,0.038,0.1,0.01,1.57,0.1,mindset_motivation,false,,awareness,online,false,"Getting older doesn’t make you weak. Staying comfortable does.  You don’t lose strength because of age. You lose it because you stop demanding it.  Muscle is earned. Mobility is trained. Energy is protected. Longevity is built.  Most men blame time. The truth is they abandoned discipline.  Train with intent. Move your joints daily. Eat like performance matters. Recover like it’s part of the program.  Age is not the problem. Standards are.  If you want to be strong at 40, 50, 60+. You must train like strength is non-negotiable.  This is human performance. Not excuses."
3812360851957781867,DToOf8AjJVr,https://www.instagram.com/p/DToOf8AjJVr/,reel,clips,2026-01-17T22:28:32.000Z,98.9,48,21,1,218,1061,26.844,0.075,0.21,0.01,2.21,0.048,training_strength,false,,awareness,online,false,The Single Most Powerful Performance Enhancer 🏆
3820208107448707592,DUEGwiMjCoI,https://www.instagram.com/p/DUEGwiMjCoI/,reel,clips,2026-01-28T18:18:48.000Z,88,0,6,0,81,675,4.016,0.021,0.07,0,0.92,0,lifestyle_personal,false,,awareness,none,false,
3815071891292167938,DTx26wJDB8C,https://www.instagram.com/p/DTx26wJDB8C/,reel,clips,2026-01-21T16:14:31.000Z,95.1,598,19,2,210,1158,30.2,0.072,0.2,0.021,2.21,0.105,mindset_motivation,false,,awareness,content,false,"You can train hard. Eat clean. Show up daily.  But if stress is high Fat loss stalls. Recovery crashes. Hormones drift. Motivation disappears.  Most people try to push harder. That’s the mistake.  The solution isn’t more intensity. It’s regulation.  Control sleep. Control breathing. Control training volume. Control nutrition consistency.  When stress comes down, Your body finally responds.  Progress isn’t built by force. It’s built by systems.  If your results have stalled, It’s not discipline you’re missing. It’s stress management.  Raise your standards. Lower the noise. Execute the basics."
3810472587814528592,DThhKE_DGZQ,https://www.instagram.com/p/DThhKE_DGZQ/,image,,2026-01-15T07:55:51.000Z,101.5,700,11,0,,,,0.038,0.11,0,,0,mindset_motivation,false,,awareness,content,false,Weak identity creates negotiation. You negotiate with your alarm. You negotiate with your diet. You negotiate with your training. You negotiate with your standards.  “I’ll start tomorrow.” “I’ll do it later.” “I deserve a break.”  That’s not a time problem. That’s an identity problem.  Strong identity creates execution. You don’t debate. You don’t bargain. You don’t wait to feel ready.  You act because this is who you are.  Strong men don’t rely on motivation. They rely on standards. They rely on systems. They rely on discipline.  Every action you take today is a vote for the identity you’re becoming.  So ask yourself— Are you negotiating with your future… Or executing on it?  Choose wisely.
3823847282874017198,DURCNgbDGWu,https://www.instagram.com/p/DURCNgbDGWu/,reel,clips,2026-02-02T18:49:59.000Z,83,405,34,1,636,2165,32.333,0.12,0.41,0.012,7.66,0.029,training_strength,false,,awareness,online,false,"Most people think mobility needs an hour in the gym. It doesn’t. It needs movement through the day.  Get up. Change positions. Squat. Rotate. Balance on one leg.  Your body is designed to move often, not occasionally. Stiffness is not age. It’s inactivity.  Five minutes here and there keeps joints healthy. Keeps balance sharp. Keeps injuries away.  Train less like a bodybuilder. Move more like a human."
3800617076214514456,DS-gRgjDMMY,https://www.instagram.com/p/DS-gRgjDMMY/,carousel,,2026-01-01T17:34:43.000Z,115.1,921,28,3,,,,0.106,0.24,0.026,,0.107,mindset_motivation,false,,awareness,content,false,"For a long time, I believed New Year’s felt powerful because something had changed.  A new date. A fresh start. A clean slate.  But nothing actually resets.  The Earth doesn’t pause. Your body doesn’t forget. Your habits don’t disappear at midnight.  I’ve made the same mistakes many times. Got excited in January. Went all in. Then slowly slipped back into old patterns.  Not because I didn’t care. Not because I wasn’t capable. But because I relied on motivation instead of structure.  Over time, experience taught me this:  You don’t break loops with intention. You break them with systems.  The loop only changes when daily standards change. When you stop negotiating with yourself. When you build habits that work on bad days, not perfect ones.  That’s how I finally broke the cycle. Not by waiting for the year to change… but by changing what I did when no one was watching.  That’s the lesson I’m carrying forward."
3799092406680086562,DS5FmpZDOgi,https://www.instagram.com/p/DS5FmpZDOgi/,reel,clips,2025-12-30T15:06:17.000Z,117.2,406,28,1,429,1465,77.033,0.099,0.24,0.009,3.66,0.036,training_strength,false,,awareness,online,false,"Most people train to look good. I train to slow ageing.  Tendon and ligament strength first. Because weak tissue breaks fast.  VO₂ max next. Because oxygen delivery controls your lifespan.  Then sleep and recovery. Because without them, inflammation stays high. Hormones crash. Joints ache. Progress dies.  Ignore this order and your training accelerates ageing. Respect it and you build a body that lasts."
3801334769192276466,DTBDdUODBHy,https://www.instagram.com/p/DTBDdUODBHy/,reel,clips,2026-01-02T17:25:29.000Z,114.1,870,32,4,337,1365,111.033,0.123,0.28,0.035,2.95,0.125,mindset_motivation,false,,awareness,content,false,Everyone posts motivation on January 1st. New quotes. New goals. New promises.  But nothing actually resets.  The calendar changed. Your habits didn’t. Your standards didn’t. Your body didn’t.  I know this because I lived it. I waited for Monday. I waited for the “right time.” I kept telling myself I’d lock in soon.  Years moved fast.  What changed everything wasn’t motivation. It was pressure. Structure. Daily non-negotiables.  The body never lies.  Low energy means low discipline. Weak body means weak standards. Declining health always shows up everywhere else.  This year isn’t about hype. It’s about identity.  Build a body that can handle stress. Build habits that don’t depend on mood. Build standards that don’t negotiate with comfort.  2026 won’t slow down for you. It will expose what you didn’t fix.  Build now. Or stay the same — just older.  Your move.
3801434079447791589,DTBaCeGjLfl,https://www.instagram.com/p/DTBaCeGjLfl/,carousel,,2026-01-02T20:37:57.000Z,113.9,1667,726,24,,,,2.568,6.37,0.211,,0.033,mindset_motivation,false,,awareness,content,false,"Ten years ago, I met you, and something just felt right. I didn’t have the words for it then, but I knew. Not because life was easy with you — but because it felt real.  Thank God for every blessing. For the path we were put on. For you. And for bringing the most amazing little human into this world. That moment alone changed me forever.  We’ve lived so many lives inside these ten years. Different places. Different phases. Different versions of ourselves.  There were beautiful days — full of laughter, late nights, random trips, silly jokes, and moments that didn’t need a reason. The kind of happiness you don’t plan. You just live.  And then there were the hard days. The pressure. The arguments. The silence. The growth that hurt before it made sense.  But those moments shaped us. They shaped me.  Nothing was ever handed to me. I had to earn everything. Across different countries, cultures, and people. Every experience moulded me into the man I am today.  And then we became parents. That was a rebirth. Suddenly, life wasn’t just about surviving or chasing goals — it was about responsibility, example, and legacy. Becoming the kind of man a little human could look up to.  We’ve pushed each other. Challenged each other. Lifted each other when it mattered most.  So thank you, my love. For the laughter and the fights. For the chaos and the calm. For standing with me when it was hard and celebrating with me when it was good.  Without all of it, I wouldn’t be who I am today — strong, focused, grounded, and ready.  If I had to start all over again, nothing would scare me. Because I know what we’re made of.  Always grateful. Always moving forward. ❤️"
3817891531122827945,DT74B6XjGKp,https://www.instagram.com/p/DT74B6XjGKp/,carousel,,2026-01-25T13:35:58.000Z,91.2,453,30,1,,,,0.106,0.33,0.011,,0.033,mindset_motivation,false,,awareness,content,false,Most people want results. Very few want responsibility.  Temperance is not weakness. It’s control. It’s restraint when ego wants chaos.  You can plan all you want. But life will test you. Only the disciplined adapt.  “One day” keeps people comfortable. “Day one” forces action.  The body you want. The life you want. The man you want to become.  It all starts the same way. With a decision.  No motivation. No waiting. Just execution.  — @fitwithmukund™
3821631701034731835,DUJKcjCjAk7,https://www.instagram.com/p/DUJKcjCjAk7/,reel,clips,2026-01-30T17:29:03.000Z,86.1,525,55,4,499,1543,42.533,0.202,0.64,0.046,5.8,0.073,training_strength,false,,awareness,online,false,"Boxing isn’t about hitting hard. It’s about moving well under fatigue.  Every round trains your heart, lungs, and nervous system. That’s real conditioning.  Footwork matters more than power. Strong legs create strong punches and joint longevity.  Breathing controls performance. Lose your breath and you lose your composure.  Boxing sharpens focus under stress. That skill transfers directly to life and work.  You don’t finish a boxing session relaxed. You finish clear, calm, and confident.  Train skills. Not just muscles."